地域コード,都道府県,市区町村,幼稚園数,幼稚園在園者数,小学校数,小学校教員数,小学校児童数,中学校数,中学校教員数,中学校生徒数
R01100,北海道,札幌市,86,11879,201,5243,88100,106,3134,45821
R01202,北海道,函館市,11,854,40,717,9225,22,433,5370
R01203,北海道,小樽市,11,527,17,328,3684,13,220,2142
R01204,北海道,旭川市,26,1900,52,1220,13985,27,637,7531
R01205,北海道,室蘭市,8,671,9,224,2993,8,139,1595
R01206,北海道,釧路市,24,1523,25,582,6088,15,322,3334
R01207,北海道,帯広市,13,1493,25,598,7221,13,328,3765
R01208,北海道,北見市,7,487,22,476,4830,13,276,2646
R01209,北海道,夕張市,0,0,1,19,147,1,18,87
R01210,北海道,岩見沢市,5,535,14,284,3171,9,174,1756
R01211,北海道,網走市,2,146,9,167,1393,6,100,783
R01212,北海道,留萌市,2,133,5,91,678,2,42,365
R01213,北海道,苫小牧市,8,976,22,587,8315,14,351,4348
R01214,北海道,稚内市,4,203,11,152,1313,7,95,678
R01215,北海道,美唄市,2,93,2,48,573,2,33,344
R01216,北海道,芦別市,1,89,2,42,326,2,29,192
R01217,北海道,江別市,5,641,17,430,5821,9,271,3481
R01218,北海道,赤平市,1,21,1,31,249,1,19,142
R01219,北海道,紋別市,1,41,6,108,758,3,49,383
R01220,北海道,士別市,3,105,6,88,603,4,61,361
R01221,北海道,名寄市,3,265,7,131,1130,4,70,557
R01222,北海道,三笠市,0,0,2,33,247,2,28,138
R01223,北海道,根室市,2,157,6,108,833,4,67,418
R01224,北海道,千歳市,8,1067,18,379,5265,9,191,2668
R01225,北海道,滝川市,2,228,6,139,1497,3,79,850
R01226,北海道,砂川市,1,69,5,74,531,1,25,335
R01227,北海道,歌志内市,0,0,0,0,0,0,0,0
R01228,北海道,深川市,2,74,6,86,681,2,39,354
R01229,北海道,富良野市,4,284,7,113,807,4,56,471
R01230,北海道,登別市,4,424,8,155,1838,5,90,888
R01231,北海道,恵庭市,5,702,8,233,3608,5,140,1909
R01233,北海道,伊達市,2,205,6,122,1290,3,65,739
R01234,北海道,北広島市,6,514,9,192,2717,8,162,1758
R01235,北海道,石狩市,0,0,9,214,2860,6,134,1577
R01236,北海道,北斗市,4,302,11,190,2069,5,106,1200
R01303,北海道,当別町,0,0,1,18,215,1,15,137
R01304,北海道,新篠津村,0,0,1,14,129,1,14,55
R01331,北海道,松前町,0,0,3,26,137,1,15,76
R01332,北海道,福島町,1,10,2,17,96,1,13,41
R01333,北海道,知内町,0,0,2,21,131,1,17,88
R01334,北海道,木古内町,0,0,1,15,92,1,13,55
R01337,北海道,七飯町,1,193,4,89,1240,2,47,616
R01343,北海道,鹿部町,1,44,1,18,125,1,13,89
R01345,北海道,森町,2,57,8,64,516,2,37,296
R01346,北海道,八雲町,1,35,7,84,587,4,57,335
R01347,北海道,長万部町,0,0,1,18,163,1,14,97
R01361,北海道,江差町,0,0,3,44,209,2,32,122
R01362,北海道,上ノ国町,0,0,2,29,147,1,16,78
R01363,北海道,厚沢部町,0,0,3,32,148,1,15,75
R01364,北海道,乙部町,0,0,2,18,96,1,16,62
R01367,北海道,奥尻町,2,28,2,19,68,1,15,34
R01370,北海道,今金町,0,0,2,25,191,1,14,101
R01371,北海道,せたな町,0,0,3,37,210,3,41,144
R01391,北海道,島牧村,0,0,1,11,45,1,13,16
R01392,北海道,寿都町,0,0,2,22,111,1,11,60
R01393,北海道,黒松内町,0,0,2,26,123,2,19,76
R01394,北海道,蘭越町,1,24,2,28,189,1,16,98
R01395,北海道,ニセコ町,1,24,2,35,306,1,15,118
R01396,北海道,真狩村,0,0,1,11,88,1,14,45
R01397,北海道,留寿都村,0,0,1,12,82,1,13,52
R01398,北海道,喜茂別町,0,0,2,15,63,1,11,40
R01399,北海道,京極町,0,0,1,21,110,1,10,75
R01400,北海道,倶知安町,2,148,5,84,813,1,28,361
R01401,北海道,共和町,2,25,3,38,249,1,15,127
R01402,北海道,岩内町,2,78,2,40,437,2,31,249
R01403,北海道,泊村,0,0,1,9,47,1,15,36
R01404,北海道,神恵内村,0,0,1,8,21,1,12,17
R01405,北海道,積丹町,0,0,4,23,57,1,12,35
R01406,北海道,古平町,0,0,1,17,77,1,13,53
R01407,北海道,仁木町,0,0,2,24,125,2,30,92
R01408,北海道,余市町,3,212,4,65,659,3,44,364
R01409,北海道,赤井川村,0,0,2,18,51,1,12,35
R01423,北海道,南幌町,1,176,1,31,307,1,17,135
R01424,北海道,奈井江町,0,0,1,16,178,1,14,102
R01425,北海道,上砂川町,0,0,1,11,73,1,13,38
R01427,北海道,由仁町,0,0,1,23,189,1,14,86
R01428,北海道,長沼町,1,49,2,43,465,1,21,234
R01429,北海道,栗山町,0,0,3,48,432,1,23,241
R01430,北海道,月形町,0,0,1,17,69,1,13,51
R01431,北海道,浦臼町,0,0,1,13,65,1,13,36
R01432,北海道,新十津川町,1,151,1,27,320,1,17,159
R01433,北海道,妹背牛町,0,0,1,15,80,1,16,51
R01434,北海道,秩父別町,0,0,1,15,98,1,13,50
R01436,北海道,雨竜町,0,0,1,14,89,1,12,50
R01437,北海道,北竜町,0,0,1,14,62,1,12,34
R01438,北海道,沼田町,0,0,1,17,97,1,14,54
R01452,北海道,鷹栖町,0,0,2,40,301,1,21,170
R01453,北海道,東神楽町,1,92,3,66,654,1,30,329
R01454,北海道,当麻町,1,50,2,36,278,1,18,148
R01455,北海道,比布町,0,0,0,0,0,0,0,0
R01456,北海道,愛別町,0,0,1,18,95,1,14,42
R01457,北海道,上川町,2,21,1,17,95,1,16,55
R01458,北海道,東川町,1,35,4,68,501,1,24,239
R01459,北海道,美瑛町,0,0,6,82,388,2,39,235
R01460,北海道,上富良野町,0,0,3,64,457,1,25,245
R01461,北海道,中富良野町,0,0,4,45,201,1,19,132
R01462,北海道,南富良野町,0,0,2,27,114,1,14,36
R01463,北海道,占冠村,0,0,1,9,33,1,11,16
R01464,北海道,和寒町,0,0,1,16,113,1,14,76
R01465,北海道,剣淵町,0,0,1,16,96,1,14,57
R01468,北海道,下川町,0,0,1,17,113,1,14,74
R01469,北海道,美深町,0,0,2,25,129,2,21,89
R01470,北海道,音威子府村,1,9,1,4,9,1,7,10
R01471,北海道,中川町,0,0,1,12,61,1,12,29
R01472,北海道,幌加内町,0,0,2,16,39,1,14,30
R01481,北海道,増毛町,0,0,1,17,128,1,14,77
R01482,北海道,小平町,2,48,2,25,110,1,14,53
R01483,北海道,苫前町,0,0,2,25,108,1,16,63
R01484,北海道,羽幌町,1,14,3,33,234,3,30,150
R01485,北海道,初山別村,0,0,1,8,45,1,9,16
R01486,北海道,遠別町,0,0,1,16,97,1,14,48
R01487,北海道,天塩町,0,0,2,23,108,1,16,71
R01511,北海道,猿払村,0,0,4,37,148,1,12,74
R01512,北海道,浜頓別町,0,0,1,21,122,1,13,62
R01513,北海道,中頓別町,0,0,1,13,57,1,13,29
R01514,北海道,枝幸町,0,0,7,66,275,3,42,160
R01516,北海道,豊富町,0,0,2,27,157,2,21,87
R01517,北海道,礼文町,0,0,3,22,83,2,23,58
R01518,北海道,利尻町,0,0,2,16,65,1,17,38
R01519,北海道,利尻富士町,0,0,2,21,89,2,20,47
R01520,北海道,幌延町,0,0,2,24,108,2,18,55
R01543,北海道,美幌町,1,80,3,78,720,2,41,432
R01544,北海道,津別町,0,0,1,20,151,1,16,87
R01545,北海道,斜里町,0,0,2,51,489,1,19,242
R01546,北海道,清里町,1,28,1,22,195,1,18,99
R01547,北海道,小清水町,1,6,1,24,224,1,13,115
R01549,北海道,訓子府町,0,0,2,33,228,1,16,116
R01550,北海道,置戸町,0,0,1,18,115,1,13,62
R01552,北海道,佐呂間町,0,0,3,37,176,1,15,114
R01555,北海道,遠軽町,1,57,8,104,768,7,94,439
R01559,北海道,湧別町,0,0,4,37,160,1,18,67
R01560,北海道,滝上町,0,0,2,21,69,1,14,45
R01561,北海道,興部町,1,57,2,26,182,1,13,87
R01562,北海道,西興部村,0,0,1,14,30,1,14,21
R01563,北海道,雄武町,0,0,3,31,171,1,15,89
R01564,北海道,大空町,0,0,2,43,302,2,31,200
R01571,北海道,豊浦町,0,0,4,40,195,2,19,104
R01575,北海道,壮瞥町,0,0,2,15,91,1,14,45
R01578,北海道,白老町,1,60,4,62,415,2,31,259
R01581,北海道,厚真町,0,0,2,35,212,2,32,124
R01584,北海道,洞爺湖町,1,40,3,42,254,2,30,151
R01585,北海道,安平町,0,0,1,13,109,1,13,56
R01586,北海道,むかわ町,0,0,2,35,281,2,31,149
R01601,北海道,日高町,1,12,4,58,472,4,58,261
R01602,北海道,平取町,0,0,5,47,207,2,25,121
R01604,北海道,新冠町,0,0,2,33,252,1,15,129
R01607,北海道,浦河町,0,0,4,61,439,3,44,270
R01608,北海道,様似町,0,0,1,16,142,1,13,75
R01609,北海道,えりも町,1,9,4,37,214,1,15,117
R01610,北海道,新ひだか町,1,72,4,81,945,3,49,483
R01631,北海道,音更町,2,166,11,228,2189,5,119,1320
R01632,北海道,士幌町,0,0,3,47,275,1,28,163
R01633,北海道,上士幌町,0,0,1,22,223,1,16,101
R01634,北海道,鹿追町,0,0,5,57,279,2,28,157
R01635,北海道,新得町,1,21,2,34,225,2,28,109
R01636,北海道,清水町,0,0,2,42,372,2,30,237
R01637,北海道,芽室町,2,258,4,88,985,3,58,551
R01638,北海道,中札内村,0,0,2,32,223,1,15,111
R01639,北海道,更別村,2,42,2,28,149,1,17,91
R01641,北海道,大樹町,0,0,1,28,247,1,19,142
R01642,北海道,広尾町,0,0,2,35,216,1,18,129
R01643,北海道,幕別町,2,111,9,146,1323,5,85,688
R01644,北海道,池田町,1,14,1,26,205,1,15,101
R01645,北海道,豊頃町,0,0,2,25,104,1,16,58
R01646,北海道,本別町,0,0,3,36,221,2,31,121
R01647,北海道,足寄町,0,0,4,45,281,1,18,143
R01648,北海道,陸別町,0,0,1,15,83,1,15,49
R01649,北海道,浦幌町,0,0,2,23,172,2,27,85
R01661,北海道,釧路町,2,116,5,88,800,4,65,423
R01662,北海道,厚岸町,2,21,4,51,312,4,40,165
R01663,北海道,浜中町,0,0,4,49,240,4,41,117
R01664,北海道,標茶町,1,11,6,66,310,4,39,193
R01665,北海道,弟子屈町,0,0,4,43,219,2,29,150
R01667,北海道,鶴居村,0,0,3,31,107,2,24,67
R01668,北海道,白糠町,0,0,1,8,11,1,10,10
R01691,北海道,別海町,5,192,8,121,723,8,117,448
R01692,北海道,中標津町,5,391,3,98,1091,2,52,546
R01693,北海道,標津町,0,0,2,35,263,2,27,120
R01694,北海道,羅臼町,2,69,2,35,207,1,15,104
R02201,青森県,青森市,24,1289,42,884,11695,21,545,6640
R02202,青森県,弘前市,10,449,33,574,7032,19,384,3872
R02203,青森県,八戸市,16,641,41,744,10418,26,494,5517
R02204,青森県,黒石市,2,34,4,91,1298,2,56,638
R02205,青森県,五所川原市,5,124,11,179,2037,6,122,1078
R02206,青森県,十和田市,3,116,14,238,2603,10,165,1535
R02207,青森県,三沢市,3,225,7,140,1907,5,107,993
R02208,青森県,むつ市,7,230,12,207,2267,9,153,1277
R02209,青森県,つがる市,1,55,7,112,1129,5,83,622
R02210,青森県,平川市,1,0,9,127,1381,4,73,666
R02301,青森県,平内町,1,7,3,47,353,1,24,210
R02303,青森県,今別町,0,0,1,11,42,1,7,16
R02304,青森県,蓬田村,0,0,1,13,109,1,12,64
R02307,青森県,外ヶ浜町,0,0,2,20,106,2,23,60
R02321,青森県,鰺ヶ沢町,0,0,2,27,258,1,18,177
R02323,青森県,深浦町,0,0,3,32,176,2,27,104
R02343,青森県,西目屋村,0,0,1,12,70,0,0,0
R02361,青森県,藤崎町,1,21,3,50,680,2,37,331
R02362,青森県,大鰐町,0,0,1,17,257,1,15,121
R02367,青森県,田舎館村,0,0,1,21,348,1,16,185
R02381,青森県,板柳町,0,0,4,47,478,1,26,277
R02384,青森県,鶴田町,1,18,1,36,504,1,24,281
R02387,青森県,中泊町,0,0,4,47,293,2,25,180
R02401,青森県,野辺地町,1,32,2,39,432,1,24,248
R02402,青森県,七戸町,0,0,3,50,543,2,37,312
R02405,青森県,六戸町,1,3,3,54,584,2,30,257
R02406,青森県,横浜町,1,8,1,15,145,1,14,84
R02408,青森県,東北町,0,0,3,60,708,2,35,365
R02411,青森県,六ヶ所村,0,0,4,57,404,3,36,217
R02412,青森県,おいらせ町,1,57,5,102,1419,3,59,673
R02423,青森県,大間町,1,10,2,21,187,1,17,128
R02424,青森県,東通村,0,0,1,27,239,1,28,141
R02425,青森県,風間浦村,0,0,1,11,47,1,13,27
R02426,青森県,佐井村,0,0,2,14,42,2,9,29
R02441,青森県,三戸町,1,0,2,32,317,1,18,191
R02442,青森県,五戸町,2,30,4,63,561,3,49,319
R02443,青森県,田子町,1,4,1,14,156,1,13,83
R02445,青森県,南部町,1,51,3,54,619,3,45,327
R02446,青森県,階上町,0,0,4,57,529,2,35,252
R02450,青森県,新郷村,0,0,1,15,64,1,12,44
R03201,岩手県,盛岡市,16,1254,43,910,13855,27,618,7639
R03202,岩手県,宮古市,3,299,13,191,1913,11,149,1004
R03203,岩手県,大船渡市,1,22,11,157,1344,4,78,722
R03205,岩手県,花巻市,7,312,16,303,4113,11,210,2283
R03206,岩手県,北上市,8,548,14,328,4615,9,202,2469
R03207,岩手県,久慈市,0,0,13,166,1431,8,125,840
R03208,岩手県,遠野市,1,32,11,126,973,3,57,576
R03209,岩手県,一関市,6,190,21,365,4530,15,258,2749
R03210,岩手県,陸前高田市,1,0,8,87,629,2,38,358
R03211,岩手県,釜石市,2,43,9,132,1173,5,82,603
R03213,岩手県,二戸市,1,56,8,109,1001,3,57,531
R03214,岩手県,八幡平市,1,28,10,110,886,4,58,451
R03215,岩手県,奥州市,8,184,20,378,4991,7,209,2754
R03216,岩手県,滝沢市,1,50,9,197,3120,6,123,1635
R03301,岩手県,雫石町,0,0,5,70,651,1,27,375
R03302,岩手県,葛巻町,0,0,4,36,150,3,32,92
R03303,岩手県,岩手町,0,0,3,43,425,3,46,233
R03321,岩手県,紫波町,1,120,5,109,1673,3,66,835
R03322,岩手県,矢巾町,0,0,4,87,1403,2,50,703
R03366,岩手県,西和賀町,0,0,2,24,134,2,21,91
R03381,岩手県,金ケ崎町,3,111,5,73,745,1,29,374
R03402,岩手県,平泉町,1,17,2,34,331,1,16,172
R03441,岩手県,住田町,0,0,2,26,136,2,22,95
R03461,岩手県,大槌町,1,12,1,11,62,1,10,30
R03482,岩手県,山田町,1,16,3,52,559,1,28,298
R03483,岩手県,岩泉町,0,0,5,48,298,3,38,147
R03484,岩手県,田野畑村,0,0,1,15,126,1,11,74
R03485,岩手県,普代村,0,0,1,13,78,1,14,46
R03501,岩手県,軽米町,0,0,3,37,285,1,17,175
R03503,岩手県,野田村,0,0,1,17,184,1,17,90
R03506,岩手県,九戸村,1,0,5,44,211,1,16,118
R03507,岩手県,洋野町,0,0,7,90,570,3,44,318
R03524,岩手県,一戸町,0,0,6,53,377,3,31,229
R04100,宮城県,仙台市,83,10143,126,3362,52882,74,2094,27209
R04202,宮城県,石巻市,12,857,32,537,5911,17,326,3130
R04203,宮城県,塩竈市,5,533,7,168,2301,5,108,1158
R04205,宮城県,気仙沼市,9,426,14,222,2149,10,158,1248
R04206,宮城県,白石市,3,208,15,147,1279,6,86,756
R04207,宮城県,名取市,2,507,10,301,4801,4,156,2376
R04208,宮城県,角田市,2,159,5,96,1064,2,53,703
R04209,宮城県,多賀城市,7,887,6,208,3405,4,118,1562
R04211,宮城県,岩沼市,3,463,4,146,2331,4,93,1250
R04212,宮城県,登米市,7,262,21,332,3324,10,187,1865
R04213,宮城県,栗原市,10,766,11,199,2245,6,125,1245
R04214,宮城県,東松島市,3,319,8,163,1944,3,82,983
R04215,宮城県,大崎市,25,729,18,434,5893,12,290,3296
R04216,宮城県,富谷市,4,527,8,214,3366,5,144,1976
R04301,宮城県,蔵王町,2,114,5,73,489,3,41,253
R04302,宮城県,七ヶ宿町,0,0,1,11,40,1,13,30
R04321,宮城県,大河原町,1,110,3,89,1252,2,66,706
R04322,宮城県,村田町,1,60,2,38,442,2,33,232
R04323,宮城県,柴田町,5,394,6,134,1717,3,72,912
R04324,宮城県,川崎町,1,10,3,42,286,2,31,160
R04341,宮城県,丸森町,0,0,3,46,469,1,23,255
R04361,宮城県,亘理町,2,129,6,123,1559,4,81,845
R04362,宮城県,山元町,2,129,4,56,481,1,22,219
R04401,宮城県,松島町,2,56,3,53,496,1,23,264
R04404,宮城県,七ヶ浜町,2,64,3,71,769,2,39,458
R04406,宮城県,利府町,4,654,6,147,2063,3,82,1107
R04421,宮城県,大和町,1,67,6,126,1684,2,59,833
R04422,宮城県,大郷町,0,0,1,23,366,1,20,198
R04424,宮城県,大衡村,0,0,1,25,391,1,19,161
R04444,宮城県,色麻町,1,104,0,0,0,0,0,0
R04445,宮城県,加美町,1,121,8,118,904,2,51,517
R04501,宮城県,涌谷町,4,162,3,51,584,1,28,318
R04505,宮城県,美里町,3,257,6,102,1101,3,58,562
R04581,宮城県,女川町,0,0,1,15,214,1,18,101
R04606,宮城県,南三陸町,1,31,5,68,435,2,38,228
R05201,秋田県,秋田市,16,997,42,854,13309,24,550,7188
R05202,秋田県,能代市,2,171,7,133,1593,6,111,1014
R05203,秋田県,横手市,4,187,14,262,3368,7,171,1899
R05204,秋田県,大館市,1,19,17,248,2513,9,171,1530
R05206,秋田県,男鹿市,1,47,6,79,677,2,42,386
R05207,秋田県,湯沢市,2,84,6,117,1401,6,110,827
R05209,秋田県,鹿角市,1,30,6,99,1095,4,80,658
R05210,秋田県,由利本荘市,1,37,13,222,2885,10,181,1741
R05211,秋田県,潟上市,1,109,6,105,1416,3,71,701
R05212,秋田県,大仙市,0,0,20,283,2963,10,198,1683
R05213,秋田県,北秋田市,0,0,7,106,916,3,59,532
R05214,秋田県,にかほ市,1,0,4,72,894,3,54,487
R05215,秋田県,仙北市,0,0,6,81,843,5,79,507
R05303,秋田県,小坂町,0,0,1,16,138,1,15,88
R05327,秋田県,上小阿仁村,0,0,1,11,41,1,8,25
R05346,秋田県,藤里町,1,28,0,0,0,0,0,0
R05348,秋田県,三種町,1,6,5,64,449,3,46,265
R05349,秋田県,八峰町,0,0,2,24,148,1,15,120
R05361,秋田県,五城目町,0,0,1,23,250,1,17,131
R05363,秋田県,八郎潟町,0,0,1,14,164,1,12,100
R05366,秋田県,井川町,0,0,0,0,0,0,0,0
R05368,秋田県,大潟村,0,0,1,16,135,1,12,82
R05434,秋田県,美郷町,0,0,3,57,702,1,29,390
R05463,秋田県,羽後町,0,0,4,58,506,1,27,315
R05464,秋田県,東成瀬村,0,0,1,13,72,1,15,56
R06201,山形県,山形市,14,1285,37,804,11859,16,478,6246
R06202,山形県,米沢市,4,307,15,258,3352,7,164,1988
R06203,山形県,鶴岡市,4,252,26,449,5333,11,263,2955
R06204,山形県,酒田市,3,172,22,318,3993,8,189,2322
R06205,山形県,新庄市,4,198,4,80,883,3,55,480
R06206,山形県,寒河江市,2,306,9,160,2038,3,86,1050
R06207,山形県,上山市,0,0,4,88,1058,3,56,580
R06208,山形県,村山市,1,102,7,92,840,2,40,477
R06209,山形県,長井市,1,67,6,95,1114,2,46,600
R06210,山形県,天童市,5,414,12,246,3127,4,130,1640
R06211,山形県,東根市,2,325,9,188,2640,6,123,1548
R06212,山形県,尾花沢市,0,0,5,65,581,2,32,313
R06213,山形県,南陽市,1,57,7,109,1357,3,58,759
R06301,山形県,山辺町,1,64,2,52,661,1,31,383
R06302,山形県,中山町,1,86,2,35,482,1,23,245
R06321,山形県,河北町,2,100,6,79,780,1,30,410
R06322,山形県,西川町,0,0,1,14,147,1,13,100
R06323,山形県,朝日町,0,0,3,34,206,1,16,123
R06324,山形県,大江町,1,47,3,31,322,2,24,173
R06341,山形県,大石田町,0,0,3,36,243,1,17,135
R06361,山形県,金山町,0,0,1,16,210,1,13,110
R06362,山形県,最上町,0,0,2,33,343,1,20,171
R06363,山形県,舟形町,0,0,1,15,193,1,12,110
R06364,山形県,真室川町,0,0,3,39,292,1,17,137
R06365,山形県,大蔵村,0,0,1,13,148,1,12,69
R06366,山形県,鮭川村,0,0,1,15,165,1,12,78
R06367,山形県,戸沢村,0,0,0,0,0,0,0,0
R06381,山形県,高畠町,1,118,6,89,1098,1,43,605
R06382,山形県,川西町,3,171,6,70,573,1,24,335
R06401,山形県,小国町,0,0,2,29,280,2,22,167
R06402,山形県,白鷹町,0,0,4,54,538,1,24,357
R06403,山形県,飯豊町,0,0,4,41,309,1,16,154
R06426,山形県,三川町,1,78,3,44,403,1,24,202
R06428,山形県,庄内町,4,203,5,68,847,2,48,498
R06461,山形県,遊佐町,0,0,1,31,452,1,22,285
R07201,福島県,福島市,27,2221,45,857,12714,22,529,6702
R07202,福島県,会津若松市,2,32,19,367,5123,12,252,2980
R07203,福島県,郡山市,30,4071,52,1032,15939,26,637,8180
R07204,福島県,いわき市,36,2216,65,1133,15478,41,720,7875
R07205,福島県,白河市,10,658,13,244,2856,8,152,1545
R07207,福島県,須賀川市,5,257,16,262,3658,9,174,1966
R07208,福島県,喜多方市,4,113,17,213,2090,7,110,1081
R07209,福島県,相馬市,8,254,9,151,1775,4,90,909
R07210,福島県,二本松市,13,246,16,210,2332,7,115,1199
R07211,福島県,田村市,9,154,7,119,1439,6,90,828
R07212,福島県,南相馬市,12,459,12,201,2110,6,120,1045
R07213,福島県,伊達市,5,126,12,220,2487,6,114,1252
R07214,福島県,本宮市,6,259,7,132,1636,3,75,848
R07301,福島県,桑折町,1,200,4,54,490,1,22,242
R07303,福島県,国見町,1,103,1,23,271,1,19,174
R07308,福島県,川俣町,1,0,2,26,329,2,28,232
R07322,福島県,大玉村,2,257,2,40,558,1,22,282
R07342,福島県,鏡石町,1,41,2,42,707,1,24,341
R07344,福島県,天栄村,2,90,4,37,208,1,13,111
R07362,福島県,下郷町,0,0,3,31,159,1,16,122
R07364,福島県,檜枝岐村,0,0,1,8,27,1,8,13
R07367,福島県,只見町,0,0,3,28,125,1,14,77
R07368,福島県,南会津町,2,37,7,83,505,4,56,301
R07402,福島県,北塩原村,2,34,2,18,82,2,19,63
R07405,福島県,西会津町,0,0,1,15,196,1,14,97
R07407,福島県,磐梯町,1,70,2,22,172,1,12,81
R07408,福島県,猪苗代町,0,0,6,71,567,1,26,300
R07421,福島県,会津坂下町,2,265,2,47,633,1,30,358
R07422,福島県,湯川村,1,85,2,22,160,1,10,82
R07423,福島県,柳津町,0,0,2,19,128,1,11,62
R07444,福島県,三島町,0,0,1,7,38,1,9,14
R07445,福島県,金山町,0,0,2,10,26,1,10,18
R07446,福島県,昭和村,0,0,1,6,26,1,7,10
R07447,福島県,会津美里町,1,0,4,63,812,3,47,390
R07461,福島県,西郷村,2,157,5,86,1114,3,58,580
R07464,福島県,泉崎村,1,126,2,30,339,1,17,177
R07465,福島県,中島村,1,110,2,24,263,1,14,132
R07466,福島県,矢吹町,4,193,4,63,865,1,33,467
R07481,福島県,棚倉町,3,225,4,58,643,1,31,401
R07482,福島県,矢祭町,1,89,1,23,265,1,14,127
R07483,福島県,塙町,2,132,2,30,350,1,20,186
R07484,福島県,鮫川村,0,0,1,14,109,1,12,77
R07501,福島県,石川町,0,0,2,41,540,2,30,443
R07502,福島県,玉川村,0,0,2,27,298,1,17,171
R07503,福島県,平田村,0,0,2,27,254,1,13,120
R07504,福島県,浅川町,1,101,1,23,270,1,19,168
R07505,福島県,古殿町,0,0,1,15,167,1,13,136
R07521,福島県,三春町,2,78,6,84,827,2,40,414
R07522,福島県,小野町,0,0,1,29,389,1,21,231
R07541,福島県,広野町,0,0,1,15,145,2,34,297
R07542,福島県,楢葉町,0,0,1,14,132,1,12,47
R07543,福島県,富岡町,2,27,1,12,46,1,12,21
R07544,福島県,川内村,0,0,0,0,0,0,0,0
R07545,福島県,大熊町,0,0,0,0,0,0,0,0
R07546,福島県,双葉町,1,4,2,16,24,1,10,12
R07547,福島県,浪江町,2,0,1,13,38,1,12,23
R07548,福島県,葛尾村,1,9,1,12,12,1,8,4
R07561,福島県,新地町,0,0,3,41,394,1,21,210
R07564,福島県,飯舘村,0,0,0,0,0,0,0,0
R08201,茨城県,水戸市,25,2355,35,906,13800,19,567,7367
R08202,茨城県,日立市,12,540,25,532,6726,16,369,4093
R08203,茨城県,土浦市,11,1389,15,380,5910,9,282,3537
R08204,茨城県,古河市,7,766,23,488,6544,9,259,3354
R08205,茨城県,石岡市,5,493,19,286,3030,6,146,1641
R08207,茨城県,結城市,3,205,9,199,2421,3,102,1273
R08208,茨城県,龍ケ崎市,4,208,11,247,3279,6,144,1853
R08210,茨城県,下妻市,5,276,9,180,1970,4,109,1154
R08211,茨城県,常総市,3,204,13,246,2736,6,153,1606
R08212,茨城県,常陸太田市,2,76,8,150,1712,8,138,980
R08214,茨城県,高萩市,1,25,4,81,1090,3,57,583
R08215,茨城県,北茨城市,4,440,11,173,1718,4,94,945
R08216,茨城県,笠間市,5,543,10,237,3270,5,139,1735
R08217,茨城県,取手市,6,354,15,323,4829,8,216,3129
R08219,茨城県,牛久市,5,536,7,221,4059,6,166,2390
R08220,茨城県,つくば市,24,2152,31,725,11363,14,420,5732
R08221,茨城県,ひたちなか市,10,1515,17,444,7368,7,247,3642
R08222,茨城県,鹿嶋市,4,129,12,246,3278,7,170,2061
R08223,茨城県,潮来市,0,0,5,95,1186,4,69,578
R08224,茨城県,守谷市,5,1019,10,275,4416,4,124,1929
R08225,茨城県,常陸大宮市,1,7,11,166,1555,4,82,803
R08226,茨城県,那珂市,3,178,9,192,2542,5,121,1260
R08227,茨城県,筑西市,3,78,20,394,4487,7,206,2449
R08228,茨城県,坂東市,2,143,13,227,2347,4,104,1225
R08229,茨城県,稲敷市,3,59,8,126,1309,4,86,789
R08230,茨城県,かすみがうら市,1,163,5,120,1497,3,66,851
R08231,茨城県,桜川市,0,0,8,129,1214,4,77,672
R08232,茨城県,神栖市,4,286,14,329,4796,8,210,2458
R08233,茨城県,行方市,3,61,4,106,1296,3,64,704
R08234,茨城県,鉾田市,4,94,7,147,1881,5,108,1081
R08235,茨城県,つくばみらい市,4,473,10,261,4199,4,98,1384
R08236,茨城県,小美玉市,4,186,5,112,1569,2,62,868
R08302,茨城県,茨城町,4,172,4,94,1285,2,54,722
R08309,茨城県,大洗町,3,8,2,48,596,2,37,335
R08310,茨城県,城里町,0,0,5,68,621,2,39,368
R08341,茨城県,東海村,5,372,6,136,2184,2,79,1123
R08364,茨城県,大子町,1,24,6,67,430,4,57,275
R08442,茨城県,美浦村,1,85,3,49,556,1,26,282
R08443,茨城県,阿見町,2,219,7,166,2553,4,98,1235
R08447,茨城県,河内町,0,0,0,0,0,0,0,0
R08521,茨城県,八千代町,3,295,5,83,948,2,44,511
R08542,茨城県,五霞町,0,0,2,32,309,1,24,166
R08546,茨城県,境町,2,62,5,94,1247,2,50,587
R08564,茨城県,利根町,2,71,1,27,444,1,26,318
R09201,栃木県,宇都宮市,24,3405,71,1636,27122,31,980,14365
R09202,栃木県,足利市,5,277,22,439,5900,12,271,3308
R09203,栃木県,栃木市,5,531,29,543,7080,14,328,3897
R09204,栃木県,佐野市,5,334,16,361,4426,7,197,2601
R09205,栃木県,鹿沼市,5,433,24,405,4346,10,237,2388
R09206,栃木県,日光市,3,135,22,292,2931,14,213,1685
R09208,栃木県,小山市,3,96,24,589,8227,10,327,4281
R09209,栃木県,真岡市,5,254,14,310,4192,9,196,2172
R09210,栃木県,大田原市,5,520,20,315,3311,9,165,1744
R09211,栃木県,矢板市,0,0,6,114,1297,4,73,917
R09213,栃木県,那須塩原市,3,538,17,405,5735,8,243,2958
R09214,栃木県,さくら市,0,0,6,157,2461,2,87,1250
R09215,栃木県,那須烏山市,1,53,5,92,904,2,50,570
R09216,栃木県,下野市,1,24,8,174,2513,3,100,1319
R09301,栃木県,上三川町,2,614,7,123,1592,3,63,862
R09342,栃木県,益子町,0,0,4,79,1024,3,59,598
R09343,栃木県,茂木町,0,0,4,55,389,1,24,237
R09344,栃木県,市貝町,0,0,3,46,506,1,25,283
R09345,栃木県,芳賀町,0,0,3,63,822,1,29,372
R09361,栃木県,壬生町,2,170,8,157,1903,2,74,1038
R09364,栃木県,野木町,1,144,5,111,1224,2,58,602
R09384,栃木県,塩谷町,0,0,3,46,344,1,18,230
R09386,栃木県,高根沢町,2,202,6,106,1351,2,53,709
R09407,栃木県,那須町,2,53,6,91,875,3,53,619
R09411,栃木県,那珂川町,0,0,3,52,494,2,36,290
R10201,群馬県,前橋市,11,792,50,1096,16089,23,639,8500
R10202,群馬県,高崎市,26,2153,58,1300,18181,26,714,9438
R10203,群馬県,桐生市,7,178,16,319,3844,11,225,2367
R10204,群馬県,伊勢崎市,15,976,23,673,10635,12,390,5498
R10205,群馬県,太田市,7,356,25,760,11506,17,481,6305
R10206,群馬県,沼田市,3,46,11,188,1862,9,142,1034
R10207,群馬県,館林市,6,267,11,259,3339,5,151,1889
R10208,群馬県,渋川市,6,253,14,248,3023,9,168,1649
R10209,群馬県,藤岡市,1,22,11,209,2623,5,134,1545
R10210,群馬県,富岡市,0,0,11,195,2007,6,117,1147
R10211,群馬県,安中市,2,199,10,191,2163,4,122,1712
R10212,群馬県,みどり市,3,265,7,165,2323,4,115,1289
R10344,群馬県,榛東村,2,80,2,55,762,1,33,362
R10345,群馬県,吉岡町,0,0,2,86,1448,1,45,699
R10366,群馬県,上野村,0,0,1,12,59,1,12,18
R10367,群馬県,神流町,0,0,1,9,24,1,10,14
R10382,群馬県,下仁田町,0,0,1,15,131,1,12,76
R10383,群馬県,南牧村,0,0,1,6,9,1,11,17
R10384,群馬県,甘楽町,0,0,3,48,529,1,24,303
R10421,群馬県,中之条町,3,47,2,47,505,3,43,341
R10424,群馬県,長野原町,2,66,3,36,165,1,16,102
R10425,群馬県,嬬恋村,2,102,2,38,339,1,20,189
R10426,群馬県,草津町,0,0,1,17,174,1,16,103
R10428,群馬県,高山村,1,65,1,14,130,1,13,76
R10429,群馬県,東吾妻町,5,150,5,70,422,1,23,249
R10443,群馬県,片品村,0,0,1,15,118,1,12,79
R10444,群馬県,川場村,0,0,1,20,160,1,12,72
R10448,群馬県,昭和村,0,0,3,44,327,1,18,170
R10449,群馬県,みなかみ町,0,0,6,78,592,1,28,316
R10464,群馬県,玉村町,2,131,6,143,1762,2,66,848
R10521,群馬県,板倉町,2,142,2,43,542,1,27,344
R10522,群馬県,明和町,0,0,2,38,504,1,23,291
R10523,群馬県,千代田町,0,0,2,43,505,1,23,293
R10524,群馬県,大泉町,3,359,4,137,1968,3,81,1022
R10525,群馬県,邑楽町,2,91,4,87,1120,2,51,611
R11100,埼玉県,さいたま市,99,14916,108,3774,70909,67,2326,36317
R11201,埼玉県,川越市,25,3989,33,973,17533,26,659,10146
R11202,埼玉県,熊谷市,11,1191,29,631,8647,17,409,4574
R11203,埼玉県,川口市,39,6305,52,1560,28958,28,843,13801
R11206,埼玉県,行田市,8,989,12,246,3374,8,162,1771
R11207,埼玉県,秩父市,1,4,13,226,2622,8,147,1433
R11208,埼玉県,所沢市,20,2858,32,885,15914,15,458,7639
R11209,埼玉県,飯能市,5,483,12,255,3425,9,181,2163
R11210,埼玉県,加須市,14,651,22,396,5020,9,221,3053
R11211,埼玉県,本庄市,4,338,13,281,3570,6,164,2227
R11212,埼玉県,東松山市,8,1180,11,290,4380,6,160,2386
R11214,埼玉県,春日部市,17,2257,22,614,9658,12,396,5638
R11215,埼玉県,狭山市,9,860,16,401,6493,9,244,3588
R11216,埼玉県,羽生市,3,322,11,206,2289,3,91,1254
R11217,埼玉県,鴻巣市,5,619,18,375,5373,8,198,2753
R11218,埼玉県,深谷市,9,668,19,468,6719,11,276,3568
R11219,埼玉県,上尾市,16,2831,22,606,10888,12,351,5458
R11221,埼玉県,草加市,15,2681,21,627,11441,11,359,5778
R11222,埼玉県,越谷市,20,3956,29,944,17333,16,546,9046
R11223,埼玉県,蕨市,3,384,7,190,3204,4,177,1554
R11224,埼玉県,戸田市,10,1604,12,435,8047,6,219,3737
R11225,埼玉県,入間市,9,1546,16,403,6564,12,255,3628
R11227,埼玉県,朝霞市,8,1810,10,381,7729,5,193,3374
R11228,埼玉県,志木市,7,1089,8,235,4197,5,122,1947
R11229,埼玉県,和光市,4,735,9,255,4378,3,108,1848
R11230,埼玉県,新座市,10,1666,17,496,8654,8,303,4955
R11231,埼玉県,桶川市,4,574,7,189,3533,4,115,1711
R11232,埼玉県,久喜市,8,627,22,471,6699,10,254,3480
R11233,埼玉県,北本市,7,854,7,177,2601,4,108,1386
R11234,埼玉県,八潮市,5,1074,10,264,4208,5,141,2116
R11235,埼玉県,富士見市,6,886,11,324,5730,6,173,2649
R11237,埼玉県,三郷市,8,1242,19,453,7398,8,233,3341
R11238,埼玉県,蓮田市,4,353,8,174,2639,5,114,1418
R11239,埼玉県,坂戸市,9,1150,12,328,4711,7,182,2594
R11240,埼玉県,幸手市,5,538,9,174,1986,3,82,1179
R11241,埼玉県,鶴ヶ島市,5,655,8,203,3026,5,126,1632
R11242,埼玉県,日高市,2,270,5,147,2246,5,112,1362
R11243,埼玉県,吉川市,6,943,8,241,4114,4,134,2156
R11245,埼玉県,ふじみ野市,8,888,13,343,6084,6,174,2890
R11246,埼玉県,白岡市,4,715,6,167,2679,4,90,1254
R11301,埼玉県,伊奈町,3,622,4,139,2383,5,121,1682
R11324,埼玉県,三芳町,2,273,5,106,1877,3,69,998
R11326,埼玉県,毛呂山町,3,111,4,84,1131,3,57,707
R11327,埼玉県,越生町,1,47,2,37,371,1,19,210
R11341,埼玉県,滑川町,1,137,3,75,1270,1,39,588
R11342,埼玉県,嵐山町,1,60,3,64,692,3,55,517
R11343,埼玉県,小川町,1,86,5,86,908,3,55,539
R11346,埼玉県,川島町,1,151,4,64,689,2,39,419
R11347,埼玉県,吉見町,1,51,6,83,626,1,25,338
R11348,埼玉県,鳩山町,1,17,3,48,396,1,19,209
R11349,埼玉県,ときがわ町,1,51,3,37,379,2,29,214
R11361,埼玉県,横瀬町,0,0,1,25,325,1,18,190
R11362,埼玉県,皆野町,1,37,3,49,371,1,22,230
R11363,埼玉県,長瀞町,1,34,2,27,265,1,18,143
R11365,埼玉県,小鹿野町,0,0,4,56,362,1,25,278
R11369,埼玉県,東秩父村,0,0,1,14,60,1,17,39
R11381,埼玉県,美里町,0,0,3,47,498,1,26,252
R11383,埼玉県,神川町,1,53,4,61,536,1,28,311
R11385,埼玉県,上里町,2,139,5,106,1382,2,60,818
R11408,埼玉県,寄居町,1,206,6,103,1266,3,63,686
R11442,埼玉県,宮代町,4,313,4,105,1583,3,63,685
R11464,埼玉県,杉戸町,4,402,6,127,1860,4,102,1446
R11465,埼玉県,松伏町,1,106,3,80,1253,2,52,731
R12100,千葉県,千葉市,86,10215,110,2762,45797,60,1653,24356
R12202,千葉県,銚子市,2,184,11,174,1713,5,109,1072
R12203,千葉県,市川市,35,3642,41,1248,23239,20,721,11770
R12204,千葉県,船橋市,39,6239,56,1704,33099,27,942,16347
R12205,千葉県,館山市,7,244,10,177,1695,3,82,966
R12206,千葉県,木更津市,12,1831,19,470,7371,14,333,3936
R12207,千葉県,松戸市,39,5406,46,1237,22785,23,734,11459
R12208,千葉県,野田市,9,1198,20,473,6901,12,291,3987
R12210,千葉県,茂原市,6,508,12,271,3537,6,147,1966
R12211,千葉県,成田市,9,950,20,417,6228,9,253,3570
R12212,千葉県,佐倉市,10,1129,23,502,7649,11,294,4023
R12213,千葉県,東金市,8,393,8,175,2431,4,105,1277
R12215,千葉県,旭市,4,419,15,273,2838,5,134,1537
R12216,千葉県,習志野市,10,1083,16,499,9060,8,300,4983
R12217,千葉県,柏市,22,4404,42,1224,21948,26,782,12256
R12218,千葉県,勝浦市,0,0,5,70,438,1,27,261
R12219,千葉県,市原市,22,3036,41,872,12309,21,521,6463
R12220,千葉県,流山市,10,2212,18,701,13814,10,341,5121
R12221,千葉県,八千代市,16,2327,19,559,9945,12,351,5604
R12222,千葉県,我孫子市,9,1073,13,382,5561,6,201,2884
R12223,千葉県,鴨川市,0,0,7,112,1120,3,61,621
R12224,千葉県,鎌ケ谷市,9,1586,9,299,5034,5,172,2705
R12225,千葉県,君津市,4,583,12,254,3350,8,165,1895
R12226,千葉県,富津市,3,439,8,140,1482,3,69,845
R12227,千葉県,浦安市,19,1578,17,449,8296,10,278,4017
R12228,千葉県,四街道市,8,1250,12,309,5329,5,163,2539
R12229,千葉県,袖ケ浦市,3,465,7,227,3655,5,135,1671
R12230,千葉県,八街市,5,308,9,188,2419,4,118,1501
R12231,千葉県,印西市,8,1392,18,449,7565,9,226,3140
R12232,千葉県,白井市,6,856,9,204,3451,5,138,1967
R12233,千葉県,富里市,5,461,7,144,2079,3,82,1116
R12234,千葉県,南房総市,6,236,6,113,1237,6,95,684
R12235,千葉県,匝瑳市,1,19,10,153,1438,3,75,801
R12236,千葉県,香取市,2,76,15,257,2620,7,142,1552
R12237,千葉県,山武市,1,82,11,184,1744,4,99,997
R12238,千葉県,いすみ市,0,0,9,143,1320,3,69,755
R12239,千葉県,大網白里市,6,505,7,153,2073,3,85,1161
R12322,千葉県,酒々井町,1,58,2,54,754,1,30,463
R12329,千葉県,栄町,2,230,4,64,680,1,29,379
R12342,千葉県,神崎町,0,0,2,26,200,1,15,104
R12347,千葉県,多古町,0,0,3,57,506,1,24,289
R12349,千葉県,東庄町,1,55,1,35,495,1,26,290
R12403,千葉県,九十九里町,1,11,3,48,450,1,24,277
R12409,千葉県,芝山町,1,25,1,23,265,1,17,160
R12410,千葉県,横芝光町,2,125,5,93,961,2,49,523
R12421,千葉県,一宮町,0,0,2,43,630,1,25,339
R12422,千葉県,睦沢町,0,0,1,22,278,1,19,147
R12423,千葉県,長生村,0,0,3,45,532,1,24,304
R12424,千葉県,白子町,0,0,3,41,395,1,20,228
R12426,千葉県,長柄町,0,0,2,26,194,1,17,102
R12427,千葉県,長南町,1,54,1,20,226,1,19,127
R12441,千葉県,大多喜町,0,0,2,33,296,2,23,224
R12443,千葉県,御宿町,0,0,2,28,199,1,18,116
R12463,千葉県,鋸南町,1,58,1,16,188,1,16,114
R13101,東京都,千代田区,12,1041,11,311,5205,14,360,6475
R13102,東京都,中央区,14,1054,16,479,8796,5,146,2184
R13103,東京都,港区,30,2541,21,637,11878,22,624,9682
R13104,東京都,新宿区,30,1349,30,691,10805,16,382,6452
R13105,東京都,文京区,27,2441,24,714,13448,27,588,9565
R13106,東京都,台東区,19,1260,19,431,7078,9,204,2900
R13107,東京都,墨田区,15,1105,25,670,10404,13,340,5685
R13108,東京都,江東区,30,2598,45,1326,24665,26,613,9430
R13109,東京都,品川区,28,2577,32,837,14459,15,374,6309
R13110,東京都,目黒区,22,2115,24,669,11091,15,323,4713
R13111,東京都,大田区,47,5434,61,1683,30197,30,779,11726
R13112,東京都,世田谷区,62,7122,70,2272,42971,52,1328,21856
R13113,東京都,渋谷区,21,1367,21,574,9567,13,341,5010
R13114,東京都,中野区,21,2234,23,644,11693,15,401,6639
R13115,東京都,杉並区,42,4026,42,1277,23237,31,727,10919
R13116,東京都,豊島区,20,1257,24,615,10460,17,436,7728
R13117,東京都,北区,36,3408,36,946,14991,22,518,7518
R13118,東京都,荒川区,14,833,24,566,9072,12,292,4351
R13119,東京都,板橋区,33,4359,52,1348,24302,27,689,11642
R13120,東京都,練馬区,43,7102,67,1867,34204,39,975,15682
R13121,東京都,足立区,51,5731,67,1832,29727,36,935,14123
R13122,東京都,葛飾区,27,3245,49,1233,20351,27,644,9167
R13123,東京都,江戸川区,38,6375,67,1867,32683,34,942,15469
R13201,東京都,八王子市,29,4149,69,1639,24288,46,1054,14873
R13202,東京都,立川市,12,1863,20,536,8725,9,247,3783
R13203,東京都,武蔵野市,12,1520,15,466,8173,11,280,4480
R13204,東京都,三鷹市,17,2210,16,529,9879,9,272,4407
R13205,東京都,青梅市,6,372,17,388,5367,11,256,2975
R13206,東京都,府中市,17,2704,24,764,14012,12,390,6456
R13207,東京都,昭島市,7,717,14,372,5879,7,194,2814
R13208,東京都,調布市,13,1907,22,683,12487,12,397,6277
R13209,東京都,町田市,34,4594,44,1323,21692,24,770,12345
R13210,東京都,小金井市,7,919,10,338,6751,9,241,4013
R13211,東京都,小平市,15,2765,21,627,11020,11,320,5163
R13212,東京都,日野市,13,1481,17,550,9376,8,271,4313
R13213,東京都,東村山市,10,1613,15,398,6941,11,273,4142
R13214,東京都,国分寺市,4,865,11,368,6802,6,173,3021
R13215,東京都,国立市,9,774,11,316,4577,5,147,2271
R13218,東京都,福生市,4,310,7,167,2220,3,90,1104
R13219,東京都,狛江市,3,709,6,215,3924,4,99,1393
R13220,東京都,東大和市,3,568,10,251,4262,5,136,2091
R13221,東京都,清瀬市,7,1236,10,247,3666,6,134,1839
R13222,東京都,東久留米市,6,1213,13,358,5898,9,209,2809
R13223,東京都,武蔵村山市,4,713,9,244,3760,5,135,2005
R13224,東京都,多摩市,8,1355,18,462,6888,11,273,3896
R13225,東京都,稲城市,7,1491,12,328,5391,7,161,2370
R13227,東京都,羽村市,6,504,7,169,2583,3,94,1398
R13228,東京都,あきる野市,6,645,11,252,3961,7,175,2318
R13229,東京都,西東京市,14,2334,18,557,10006,11,306,4826
R13303,東京都,瑞穂町,3,240,5,106,1461,2,54,744
R13305,東京都,日の出町,1,77,3,67,990,2,48,509
R13307,東京都,檜原村,0,0,1,16,60,1,16,27
R13308,東京都,奥多摩町,0,0,2,30,143,1,16,64
R13361,東京都,大島町,0,0,3,48,299,3,48,137
R13362,東京都,利島村,0,0,1,9,19,1,13,12
R13363,東京都,新島村,0,0,2,27,108,2,33,42
R13364,東京都,神津島村,0,0,1,15,124,1,15,40
R13381,東京都,三宅村,0,0,1,18,94,1,17,42
R13382,東京都,御蔵島村,0,0,1,11,27,1,11,8
R13401,東京都,八丈町,0,0,3,43,328,3,47,143
R13402,東京都,青ヶ島村,0,0,1,8,5,1,13,3
R13421,東京都,小笠原村,0,0,2,28,161,2,26,81
R14100,神奈川県,横浜市,236,32155,349,10713,176979,176,5748,90183
R14130,神奈川県,川崎市,79,13420,118,4225,75261,58,2165,33769
R14150,神奈川県,相模原市,42,6053,72,2092,33782,38,1165,17156
R14201,神奈川県,横須賀市,31,3480,47,1165,16321,25,689,8972
R14203,神奈川県,平塚市,22,2516,29,773,11820,17,456,6134
R14204,神奈川県,鎌倉市,19,2021,19,536,9114,16,405,6258
R14205,神奈川県,藤沢市,32,5096,38,1253,24580,25,761,13367
R14206,神奈川県,小田原市,16,1185,26,592,8350,13,332,4361
R14207,神奈川県,茅ヶ崎市,14,2324,20,683,12905,14,404,6203
R14208,神奈川県,逗子市,5,378,6,170,2741,5,135,1967
R14210,神奈川県,三浦市,3,298,8,130,1332,3,74,780
R14211,神奈川県,秦野市,9,620,13,471,7326,9,290,3942
R14212,神奈川県,厚木市,18,2381,24,687,10525,13,406,5600
R14213,神奈川県,大和市,16,2808,20,751,11918,10,397,6021
R14214,神奈川県,伊勢原市,5,772,10,323,4618,4,155,2296
R14215,神奈川県,海老名市,7,1631,13,426,7101,6,211,3365
R14216,神奈川県,座間市,9,1593,11,352,5961,6,200,3101
R14217,神奈川県,南足柄市,6,226,5,139,1863,3,84,998
R14218,神奈川県,綾瀬市,9,1358,10,301,4406,5,162,2428
R14301,神奈川県,葉山町,5,588,4,121,1785,2,58,823
R14321,神奈川県,寒川町,2,422,5,151,2581,3,87,1286
R14341,神奈川県,大磯町,3,228,4,96,1527,4,75,823
R14342,神奈川県,二宮町,5,500,3,74,1145,2,53,606
R14361,神奈川県,中井町,0,0,2,31,326,1,23,218
R14362,神奈川県,大井町,3,151,3,72,774,1,34,466
R14363,神奈川県,松田町,2,92,2,37,408,1,23,226
R14364,神奈川県,山北町,1,22,1,23,362,1,20,183
R14366,神奈川県,開成町,1,191,2,68,1155,1,36,528
R14382,神奈川県,箱根町,1,6,5,60,300,2,30,213
R14383,神奈川県,真鶴町,1,23,1,17,198,1,12,90
R14384,神奈川県,湯河原町,2,46,3,63,697,1,35,428
R14401,神奈川県,愛川町,3,191,6,136,1688,3,86,973
R14402,神奈川県,清川村,1,23,2,20,113,2,22,59
R15100,新潟県,新潟市,26,1361,108,2409,37245,61,1451,19453
R15202,新潟県,長岡市,4,131,55,989,12493,29,622,6958
R15204,新潟県,三条市,3,96,19,355,3713,8,179,2016
R15205,新潟県,柏崎市,5,287,20,317,3304,11,187,1711
R15206,新潟県,新発田市,1,19,15,365,4602,10,217,2344
R15208,新潟県,小千谷市,0,0,8,141,1407,5,97,883
R15209,新潟県,加茂市,3,85,6,93,940,5,66,521
R15210,新潟県,十日町市,1,29,17,235,2102,10,137,1051
R15211,新潟県,見附市,2,129,8,160,1843,4,88,933
R15212,新潟県,村上市,2,66,13,226,2192,7,122,990
R15213,新潟県,燕市,1,7,15,291,3564,5,145,1801
R15216,新潟県,糸魚川市,3,133,13,178,1518,4,95,906
R15217,新潟県,妙高市,0,0,7,130,1263,3,65,690
R15218,新潟県,五泉市,1,8,9,167,1935,4,90,1064
R15222,新潟県,上越市,5,366,48,782,8713,23,439,4670
R15223,新潟県,阿賀野市,1,56,7,150,1832,4,87,958
R15224,新潟県,佐渡市,2,28,22,255,2051,13,160,1056
R15225,新潟県,魚沼市,2,39,8,138,1363,5,92,796
R15226,新潟県,南魚沼市,0,0,16,251,2647,4,105,1394
R15227,新潟県,胎内市,0,0,5,101,1242,4,67,599
R15307,新潟県,聖籠町,1,66,3,74,904,1,30,394
R15342,新潟県,弥彦村,0,0,1,27,358,1,18,206
R15361,新潟県,田上町,1,55,2,36,444,1,23,227
R15385,新潟県,阿賀町,0,0,3,41,240,2,28,158
R15405,新潟県,出雲崎町,0,0,1,16,146,1,12,76
R15461,新潟県,湯沢町,0,0,1,25,279,1,20,132
R15482,新潟県,津南町,0,0,3,40,369,1,16,117
R15504,新潟県,刈羽村,0,0,1,20,237,1,11,106
R15581,新潟県,関川村,0,0,1,17,183,1,14,102
R15586,新潟県,粟島浦村,0,0,1,6,8,1,9,22
R16201,富山県,富山市,14,861,66,1437,19242,28,798,10488
R16202,富山県,高岡市,4,233,23,531,6973,11,302,3644
R16204,富山県,魚津市,1,13,5,118,1603,2,71,891
R16205,富山県,氷見市,1,154,9,143,1518,4,90,883
R16206,富山県,滑川市,1,30,7,128,1587,2,62,827
R16207,富山県,黒部市,1,24,9,164,1874,2,67,1068
R16208,富山県,砺波市,1,8,8,179,2302,4,106,1278
R16209,富山県,小矢部市,0,0,5,98,1181,4,68,621
R16210,富山県,南砺市,0,0,8,164,1912,7,110,1056
R16211,富山県,射水市,4,179,16,366,4634,6,181,2423
R16321,富山県,舟橋村,0,0,1,16,191,1,16,117
R16322,富山県,上市町,0,0,7,86,729,1,33,427
R16323,富山県,立山町,0,0,6,100,1090,1,42,629
R16342,富山県,入善町,0,0,6,93,891,2,46,516
R16343,富山県,朝日町,0,0,2,38,362,1,23,200
R17201,石川県,金沢市,26,2397,57,1411,22897,31,841,12319
R17202,石川県,七尾市,0,0,10,169,1933,4,88,1097
R17203,石川県,小松市,7,422,22,419,5441,9,216,2764
R17204,石川県,輪島市,0,0,10,101,701,4,49,402
R17205,石川県,珠洲市,1,0,7,67,307,2,29,163
R17206,石川県,加賀市,1,35,17,262,2688,6,129,1519
R17207,石川県,羽咋市,0,0,5,75,783,2,38,410
R17209,石川県,かほく市,0,0,6,132,1965,3,72,854
R17210,石川県,白山市,5,576,19,416,6085,10,231,3116
R17211,石川県,能美市,0,0,8,189,2712,3,100,1457
R17212,石川県,野々市市,1,90,5,184,3271,2,99,1547
R17324,石川県,川北町,0,0,3,47,402,1,23,227
R17361,石川県,津幡町,1,58,9,162,2059,2,75,1048
R17365,石川県,内灘町,0,0,7,117,1412,2,48,735
R17384,石川県,志賀町,0,0,2,50,670,2,36,361
R17386,石川県,宝達志水町,0,0,5,66,422,1,20,252
R17407,石川県,中能登町,1,0,3,63,778,1,33,461
R17461,石川県,穴水町,0,0,2,25,207,1,17,114
R17463,石川県,能登町,0,0,5,70,448,4,49,248
R18201,福井県,福井市,21,349,53,954,12753,29,624,7076
R18202,福井県,敦賀市,4,134,11,229,3255,6,142,1727
R18204,福井県,小浜市,0,0,9,140,1426,2,64,751
R18205,福井県,大野市,6,15,9,128,1352,5,82,669
R18206,福井県,勝山市,1,13,10,118,984,4,64,539
R18207,福井県,鯖江市,4,82,12,259,3812,3,140,2093
R18208,福井県,あわら市,0,0,10,114,1164,2,57,612
R18209,福井県,越前市,11,205,17,306,3997,8,186,2134
R18210,福井県,坂井市,12,42,19,352,4675,5,190,2492
R18322,福井県,永平寺町,1,17,7,91,819,3,53,488
R18382,福井県,池田町,0,0,1,11,70,1,12,41
R18404,福井県,南越前町,0,0,4,52,450,1,23,258
R18423,福井県,越前町,0,0,8,104,916,4,63,561
R18442,福井県,美浜町,0,0,3,43,375,1,24,199
R18481,福井県,高浜町,0,0,5,53,450,2,33,258
R18483,福井県,おおい町,0,0,4,52,417,2,33,240
R18501,福井県,若狭町,0,0,9,111,682,2,45,411
R19201,山梨県,甲府市,24,1416,30,647,8914,18,390,5266
R19202,山梨県,富士吉田市,4,483,8,182,2107,5,101,1189
R19204,山梨県,都留市,2,145,7,124,1232,3,59,648
R19205,山梨県,山梨市,3,160,9,146,1494,3,69,801
R19206,山梨県,大月市,2,39,5,79,676,2,39,379
R19207,山梨県,韮崎市,2,161,5,102,1145,2,53,651
R19208,山梨県,南アルプス市,2,228,16,294,3693,8,175,1987
R19209,山梨県,北杜市,0,0,9,151,1791,9,124,1087
R19210,山梨県,甲斐市,3,125,11,293,3962,6,158,2003
R19211,山梨県,笛吹市,1,46,14,289,3106,5,132,1551
R19212,山梨県,上野原市,3,107,4,72,716,3,47,404
R19213,山梨県,甲州市,1,32,14,168,1277,5,80,667
R19214,山梨県,中央市,0,0,7,125,1537,3,66,799
R19346,山梨県,市川三郷町,2,122,6,81,601,4,48,323
R19364,山梨県,早川町,0,0,2,15,28,1,12,18
R19365,山梨県,身延町,1,0,3,36,262,1,20,151
R19366,山梨県,南部町,1,18,3,34,221,1,17,131
R19368,山梨県,富士川町,2,88,3,56,562,2,37,359
R19384,山梨県,昭和町,0,0,3,92,1362,1,40,578
R19422,山梨県,道志村,0,0,1,11,54,1,9,28
R19423,山梨県,西桂町,0,0,1,15,194,1,13,101
R19424,山梨県,忍野村,1,71,1,39,587,1,20,287
R19425,山梨県,山中湖村,0,0,2,27,243,1,12,88
R19429,山梨県,鳴沢村,0,0,1,14,137,0,0,0
R19430,山梨県,富士河口湖町,0,0,9,139,1507,4,68,714
R19442,山梨県,小菅村,0,0,1,7,26,1,11,15
R19443,山梨県,丹波山村,0,0,1,9,14,1,7,6
R20201,長野県,長野市,22,2432,59,1156,17848,29,825,9909
R20202,長野県,松本市,15,1550,33,784,12308,25,546,6392
R20203,長野県,上田市,13,865,25,508,7488,12,321,3995
R20204,長野県,岡谷市,4,134,7,150,2022,4,105,1155
R20205,長野県,飯田市,0,0,19,386,4920,9,228,2654
R20206,長野県,諏訪市,1,88,6,164,2301,5,118,1386
R20207,長野県,須坂市,4,201,11,178,2396,4,104,1253
R20208,長野県,小諸市,4,465,6,138,1899,2,73,1041
R20209,長野県,伊那市,1,75,15,279,3367,6,181,1769
R20210,長野県,駒ヶ根市,3,113,5,103,1558,2,67,863
R20211,長野県,中野市,1,92,7,143,2135,4,95,1070
R20212,長野県,大町市,1,63,4,84,876,1,43,500
R20213,長野県,飯山市,1,45,7,100,774,2,45,423
R20214,長野県,茅野市,1,76,9,193,2810,4,110,1388
R20215,長野県,塩尻市,3,185,8,197,3077,5,149,1568
R20217,長野県,佐久市,5,696,14,337,4992,8,238,2799
R20218,長野県,千曲市,1,193,9,195,2812,5,131,1655
R20219,長野県,東御市,1,86,5,111,1445,2,66,792
R20220,長野県,安曇野市,1,77,10,286,4641,7,198,2428
R20303,長野県,小海町,0,0,1,13,150,1,12,110
R20304,長野県,川上村,0,0,2,24,189,1,12,75
R20305,長野県,南牧村,0,0,2,26,118,1,10,80
R20306,長野県,南相木村,0,0,1,10,51,0,0,0
R20307,長野県,北相木村,0,0,1,10,53,0,0,0
R20309,長野県,佐久穂町,0,0,2,51,617,2,31,301
R20321,長野県,軽井沢町,3,157,3,71,1009,1,35,452
R20323,長野県,御代田町,2,122,2,49,845,1,30,384
R20324,長野県,立科町,0,0,1,20,268,1,18,138
R20349,長野県,青木村,0,0,1,16,183,1,13,87
R20350,長野県,長和町,0,0,2,24,195,0,0,0
R20361,長野県,下諏訪町,0,0,2,56,788,2,40,449
R20362,長野県,富士見町,0,0,3,52,683,1,26,357
R20363,長野県,原村,1,17,1,24,412,1,20,208
R20382,長野県,辰野町,1,44,5,77,862,1,35,415
R20383,長野県,箕輪町,0,0,5,94,1221,1,50,700
R20384,長野県,飯島町,0,0,2,36,416,1,19,214
R20385,長野県,南箕輪村,0,0,2,69,1037,1,35,497
R20386,長野県,中川村,0,0,2,29,239,1,17,137
R20388,長野県,宮田村,0,0,1,30,507,1,24,267
R20402,長野県,松川町,0,0,2,49,645,1,28,339
R20403,長野県,高森町,0,0,2,43,729,1,28,389
R20404,長野県,阿南町,0,0,4,46,168,2,25,89
R20407,長野県,阿智村,0,0,5,56,330,1,21,190
R20409,長野県,平谷村,0,0,1,8,21,0,0,0
R20410,長野県,根羽村,0,0,0,0,0,0,0,0
R20411,長野県,下條村,0,0,1,16,170,1,12,98
R20412,長野県,売木村,0,0,1,7,22,1,9,17
R20413,長野県,天龍村,0,0,2,9,26,2,11,17
R20414,長野県,泰阜村,0,0,1,12,74,1,11,33
R20415,長野県,喬木村,0,0,2,28,311,1,21,180
R20416,長野県,豊丘村,0,0,2,30,347,1,20,202
R20417,長野県,大鹿村,0,0,1,11,48,1,9,17
R20422,長野県,上松町,0,0,1,19,153,1,13,90
R20423,長野県,南木曽町,0,0,1,15,154,1,15,115
R20425,長野県,木祖村,0,0,1,13,99,1,11,58
R20429,長野県,王滝村,0,0,1,8,10,1,0,0
R20430,長野県,大桑村,0,0,1,15,114,1,12,55
R20432,長野県,木曽町,0,0,4,51,381,3,36,222
R20446,長野県,麻績村,0,0,1,14,85,1,12,52
R20448,長野県,生坂村,0,0,1,15,65,1,10,37
R20450,長野県,山形村,0,0,1,29,455,0,0,0
R20451,長野県,朝日村,0,0,1,15,197,1,32,424
R20452,長野県,筑北村,0,0,1,14,123,1,12,73
R20481,長野県,池田町,0,0,2,31,396,1,18,195
R20482,長野県,松川村,0,0,1,25,452,1,21,231
R20485,長野県,白馬村,1,64,2,35,376,1,23,229
R20486,長野県,小谷村,0,0,1,14,110,1,10,59
R20521,長野県,坂城町,1,48,3,55,599,1,30,331
R20541,長野県,小布施町,0,0,1,27,587,1,25,313
R20543,長野県,高山村,0,0,1,19,272,1,17,166
R20561,長野県,山ノ内町,0,0,3,36,380,1,20,210
R20562,長野県,木島平村,0,0,1,18,219,1,14,107
R20563,長野県,野沢温泉村,0,0,1,14,145,1,12,68
R20583,長野県,信濃町,0,0,0,0,0,0,0,0
R20588,長野県,小川村,0,0,1,12,71,1,12,45
R20590,長野県,飯綱町,0,0,2,36,445,1,20,231
R20602,長野県,栄村,0,0,2,13,43,1,12,18
R21201,岐阜県,岐阜市,37,5672,47,1196,19329,27,745,10726
R21202,岐阜県,大垣市,14,735,22,546,8081,10,290,4113
R21203,岐阜県,高山市,3,364,19,361,4090,12,223,2327
R21204,岐阜県,多治見市,9,781,13,300,4936,9,206,2713
R21205,岐阜県,関市,6,680,17,352,4215,9,214,2382
R21206,岐阜県,中津川市,7,419,16,289,3623,12,191,1959
R21207,岐阜県,美濃市,0,0,5,94,863,2,44,456
R21208,岐阜県,瑞浪市,8,152,7,133,1679,4,90,978
R21209,岐阜県,羽島市,3,554,8,201,3358,4,123,1781
R21210,岐阜県,恵那市,1,136,14,205,2193,8,129,1229
R21211,岐阜県,美濃加茂市,2,272,9,239,3587,3,118,1768
R21212,岐阜県,土岐市,6,325,8,190,2632,6,126,1380
R21213,岐阜県,各務原市,13,2151,17,468,7554,8,278,3939
R21214,岐阜県,可児市,9,1454,12,363,5467,6,200,2854
R21215,岐阜県,山県市,1,265,9,117,1069,3,62,612
R21216,岐阜県,瑞穂市,1,170,7,217,3368,3,114,1772
R21217,岐阜県,飛騨市,0,0,6,93,980,3,50,528
R21218,岐阜県,本巣市,9,650,7,132,1641,3,78,909
R21219,岐阜県,郡上市,4,157,20,244,1883,8,118,982
R21220,岐阜県,下呂市,0,0,9,133,1261,6,85,796
R21221,岐阜県,海津市,0,0,10,141,1287,3,62,807
R21302,岐阜県,岐南町,0,0,3,89,1460,1,38,670
R21303,岐阜県,笠松町,2,303,3,73,1016,1,37,560
R21341,岐阜県,養老町,0,0,7,104,1108,2,51,698
R21361,岐阜県,垂井町,0,0,7,106,1253,2,56,756
R21362,岐阜県,関ケ原町,0,0,1,20,213,1,16,146
R21381,岐阜県,神戸町,4,54,4,69,868,1,39,453
R21382,岐阜県,輪之内町,0,0,3,43,491,1,24,265
R21383,岐阜県,安八町,0,0,3,59,767,2,45,588
R21401,岐阜県,揖斐川町,1,172,7,86,692,4,57,492
R21403,岐阜県,大野町,1,77,7,96,1152,3,54,630
R21404,岐阜県,池田町,1,204,5,100,1314,1,46,674
R21421,岐阜県,北方町,1,180,0,0,0,0,0,0
R21501,岐阜県,坂祝町,1,89,1,33,470,1,15,191
R21502,岐阜県,富加町,0,0,1,20,347,1,24,321
R21503,岐阜県,川辺町,0,0,3,50,522,1,20,258
R21504,岐阜県,七宗町,0,0,2,24,106,2,20,62
R21505,岐阜県,八百津町,0,0,4,55,431,2,29,219
R21506,岐阜県,白川町,0,0,4,45,232,2,25,136
R21507,岐阜県,東白川村,0,0,1,11,71,1,11,39
R21521,岐阜県,御嵩町,1,148,3,60,886,3,52,462
R21604,岐阜県,白川村,0,0,0,0,0,0,0,0
R22100,静岡県,静岡市,30,2997,88,1973,31384,57,1277,17743
R22130,静岡県,浜松市,102,7404,99,2474,40885,58,1538,21936
R22203,静岡県,沼津市,15,1521,24,532,7882,19,364,4583
R22205,静岡県,熱海市,4,40,7,87,779,4,53,469
R22206,静岡県,三島市,13,761,14,328,5180,9,193,2936
R22207,静岡県,富士宮市,9,821,23,413,6273,14,280,3600
R22208,静岡県,伊東市,16,310,7,149,2154,5,103,1265
R22209,静岡県,島田市,6,472,17,346,4917,7,185,2762
R22210,静岡県,富士市,15,1655,26,725,12247,17,447,6410
R22211,静岡県,磐田市,17,1346,22,594,8720,12,327,4639
R22212,静岡県,焼津市,17,1563,13,405,6540,9,235,3355
R22213,静岡県,掛川市,4,498,22,457,6377,9,234,3219
R22214,静岡県,藤枝市,12,1111,17,449,7484,12,276,3956
R22215,静岡県,御殿場市,8,691,11,269,4260,6,162,2341
R22216,静岡県,袋井市,9,445,12,344,5038,4,162,2528
R22219,静岡県,下田市,0,0,7,78,686,1,30,415
R22220,静岡県,裾野市,8,411,9,177,2583,6,124,1623
R22221,静岡県,湖西市,3,154,6,171,2770,5,117,1501
R22222,静岡県,伊豆市,0,0,6,84,863,3,45,522
R22223,静岡県,御前崎市,5,189,5,110,1458,2,64,873
R22224,静岡県,菊川市,2,187,9,183,2583,4,98,1460
R22225,静岡県,伊豆の国市,5,321,6,139,2233,3,80,1148
R22226,静岡県,牧之原市,2,14,9,160,2087,3,70,968
R22301,静岡県,東伊豆町,1,30,2,25,311,2,24,191
R22302,静岡県,河津町,1,43,1,21,252,1,17,155
R22304,静岡県,南伊豆町,0,0,3,35,263,2,24,141
R22305,静岡県,松崎町,1,27,1,12,165,1,13,94
R22306,静岡県,西伊豆町,0,0,3,32,148,1,11,108
R22325,静岡県,函南町,6,347,5,112,1760,2,66,904
R22341,静岡県,清水町,4,280,3,97,1614,2,59,861
R22342,静岡県,長泉町,4,370,3,134,2612,2,81,1331
R22344,静岡県,小山町,0,0,5,72,890,3,49,435
R22424,静岡県,吉田町,2,261,3,88,1404,1,47,783
R22429,静岡県,川根本町,1,0,2,21,167,2,24,94
R22461,静岡県,森町,6,132,3,62,806,2,36,421
R23100,愛知県,名古屋市,161,20018,266,6940,111205,127,3832,58796
R23201,愛知県,豊橋市,20,1880,52,1302,19683,23,780,10542
R23202,愛知県,岡崎市,20,3839,48,1347,22057,22,766,11561
R23203,愛知県,一宮市,21,3058,42,1195,19732,20,683,10735
R23204,愛知県,瀬戸市,7,1716,17,475,6648,8,274,3811
R23205,愛知県,半田市,8,1128,14,394,6022,6,236,3194
R23206,愛知県,春日井市,18,3341,38,1015,16487,17,571,8721
R23207,愛知県,豊川市,5,1049,26,689,10246,10,357,5231
R23208,愛知県,津島市,3,171,8,187,2496,4,113,1548
R23209,愛知県,碧南市,5,396,7,251,3951,5,152,2054
R23210,愛知県,刈谷市,2,248,15,492,8723,6,263,4149
R23211,愛知県,豊田市,19,1639,75,1609,22365,28,873,11955
R23212,愛知県,安城市,5,1109,21,678,10912,8,362,5659
R23213,愛知県,西尾市,5,784,25,649,9703,9,346,5119
R23214,愛知県,蒲郡市,3,569,13,289,3752,7,178,2069
R23215,愛知県,犬山市,5,689,10,241,3417,4,133,1956
R23216,愛知県,常滑市,2,70,9,235,3604,4,136,1875
R23217,愛知県,江南市,3,686,10,311,5080,6,211,3362
R23219,愛知県,小牧市,9,1231,16,510,7710,9,311,4124
R23220,愛知県,稲沢市,4,810,23,492,6941,9,241,3515
R23221,愛知県,新城市,0,0,13,213,1951,6,115,1095
R23222,愛知県,東海市,3,925,12,403,6843,6,222,3434
R23223,愛知県,大府市,2,440,9,326,5788,4,178,2734
R23224,愛知県,知多市,4,609,10,278,4276,5,167,2369
R23225,愛知県,知立市,4,868,7,246,3845,3,139,1928
R23226,愛知県,尾張旭市,4,636,9,260,4623,3,138,2306
R23227,愛知県,高浜市,3,425,5,176,2985,2,100,1563
R23228,愛知県,岩倉市,2,313,5,156,2340,2,90,1100
R23229,愛知県,豊明市,4,1025,8,233,3483,4,129,1774
R23230,愛知県,日進市,4,767,10,338,6349,5,188,2806
R23231,愛知県,田原市,0,0,18,294,3151,4,118,1608
R23232,愛知県,愛西市,3,616,12,236,2737,6,143,1581
R23233,愛知県,清須市,1,112,8,244,3927,4,123,1881
R23234,愛知県,北名古屋市,5,1161,10,303,4848,6,169,2404
R23235,愛知県,弥富市,0,0,8,169,2078,3,97,1162
R23236,愛知県,みよし市,6,1409,8,235,3646,4,136,1855
R23237,愛知県,あま市,5,796,12,329,4664,5,171,2484
R23238,愛知県,長久手市,3,620,6,242,4523,3,126,2057
R23302,愛知県,東郷町,1,146,6,184,2702,3,99,1434
R23342,愛知県,豊山町,1,139,3,68,965,1,34,528
R23361,愛知県,大口町,2,342,3,90,1519,1,44,693
R23362,愛知県,扶桑町,1,185,4,114,1948,2,66,971
R23424,愛知県,大治町,2,349,3,115,2097,1,64,997
R23425,愛知県,蟹江町,1,361,5,116,1758,2,59,927
R23427,愛知県,飛島村,0,0,0,0,0,0,0,0
R23441,愛知県,阿久比町,1,115,4,129,2211,1,59,998
R23442,愛知県,東浦町,0,0,7,185,2767,3,102,1427
R23445,愛知県,南知多町,0,0,5,69,595,2,43,347
R23446,愛知県,美浜町,0,0,5,87,919,2,46,483
R23447,愛知県,武豊町,0,0,4,129,2392,2,81,1231
R23501,愛知県,幸田町,3,510,6,184,2898,3,96,1408
R23561,愛知県,設楽町,0,0,5,51,124,2,29,85
R23562,愛知県,東栄町,0,0,1,15,105,1,14,50
R23563,愛知県,豊根村,0,0,1,13,29,1,11,18
R24201,三重県,津市,29,1352,50,1025,13321,23,614,7583
R24202,三重県,四日市市,29,3278,38,955,15378,25,587,8175
R24203,三重県,伊勢市,8,406,22,434,5726,11,222,3006
R24204,三重県,松阪市,21,770,41,673,7842,13,351,4289
R24205,三重県,桑名市,16,1215,29,580,7501,11,295,3820
R24207,三重県,鈴鹿市,14,1305,30,708,9912,10,368,5159
R24208,三重県,名張市,2,273,14,293,3775,5,156,1946
R24209,三重県,尾鷲市,1,0,8,64,539,4,35,327
R24210,三重県,亀山市,5,427,11,231,2831,3,109,1376
R24211,三重県,鳥羽市,1,22,7,85,594,4,54,335
R24212,三重県,熊野市,1,41,19,89,633,10,56,310
R24214,三重県,いなべ市,0,0,11,188,2210,4,104,1167
R24215,三重県,志摩市,5,237,7,122,1609,6,99,935
R24216,三重県,伊賀市,2,166,18,363,3843,11,219,2195
R24303,三重県,木曽岬町,0,0,1,19,211,1,15,138
R24324,三重県,東員町,6,188,6,109,1469,2,52,737
R24341,三重県,菰野町,5,186,5,141,2383,2,66,1160
R24343,三重県,朝日町,1,64,1,42,724,1,33,498
R24344,三重県,川越町,1,133,2,58,857,1,30,450
R24441,三重県,多気町,0,0,5,75,686,2,40,480
R24442,三重県,明和町,1,30,5,98,1190,1,40,586
R24443,三重県,大台町,0,0,4,45,313,2,27,178
R24461,三重県,玉城町,0,0,4,63,875,1,29,455
R24470,三重県,度会町,0,0,1,24,363,1,19,200
R24471,三重県,大紀町,0,0,4,44,212,2,21,135
R24472,三重県,南伊勢町,0,0,3,34,238,2,22,136
R24543,三重県,紀北町,1,19,8,76,440,4,49,265
R24561,三重県,御浜町,0,0,4,46,333,3,32,185
R24562,三重県,紀宝町,1,37,5,59,492,2,31,246
R25201,滋賀県,大津市,36,2381,38,1161,18715,21,690,9438
R25202,滋賀県,彦根市,9,633,17,474,5973,8,248,3301
R25203,滋賀県,長浜市,9,461,23,459,5687,10,251,3003
R25204,滋賀県,近江八幡市,6,409,12,325,4649,5,181,2616
R25206,滋賀県,草津市,13,1135,14,517,8398,7,270,3885
R25207,滋賀県,守山市,6,700,9,345,5618,6,252,3637
R25208,滋賀県,栗東市,8,784,9,282,4278,3,126,2040
R25209,滋賀県,甲賀市,6,299,21,403,4523,7,216,2557
R25210,滋賀県,野洲市,8,627,6,194,2833,3,110,1431
R25211,滋賀県,湖南市,3,255,9,237,2997,4,132,1451
R25212,滋賀県,高島市,2,15,13,212,1893,6,113,1124
R25213,滋賀県,東近江市,5,206,22,500,6181,10,252,3135
R25214,滋賀県,米原市,1,26,9,179,2031,6,108,1013
R25383,滋賀県,日野町,4,175,5,105,1049,1,40,535
R25384,滋賀県,竜王町,1,95,2,46,627,1,30,343
R25425,滋賀県,愛荘町,2,222,4,110,1432,2,59,736
R25441,滋賀県,豊郷町,1,51,2,36,441,1,29,240
R25442,滋賀県,甲良町,0,0,2,36,317,1,25,157
R25443,滋賀県,多賀町,1,47,2,34,431,1,17,203
R26100,京都府,京都市,112,9891,165,3991,59621,90,2510,33574
R26201,京都府,福知山市,4,364,14,303,3990,11,217,2182
R26202,京都府,舞鶴市,8,603,18,334,3838,7,182,1992
R26203,京都府,綾部市,1,19,10,159,1334,6,101,756
R26204,京都府,宇治市,12,1235,22,550,8562,11,370,4949
R26205,京都府,宮津市,4,71,6,98,615,2,42,264
R26206,京都府,亀岡市,5,498,17,372,4240,6,197,2247
R26207,京都府,城陽市,7,617,10,243,3403,5,151,1793
R26208,京都府,向日市,3,575,7,224,3541,3,93,1403
R26209,京都府,長岡京市,5,1003,10,297,4530,5,219,2838
R26210,京都府,八幡市,6,272,8,232,3126,4,142,1619
R26211,京都府,京田辺市,9,619,9,275,4448,4,143,2338
R26212,京都府,京丹後市,0,0,17,249,2351,6,140,1209
R26213,京都府,南丹市,3,145,7,137,1363,6,110,792
R26214,京都府,木津川市,4,315,14,376,5642,6,180,2585
R26303,京都府,大山崎町,1,185,2,63,878,1,32,405
R26322,京都府,久御山町,0,0,3,60,626,1,31,371
R26343,京都府,井手町,0,0,3,38,244,1,26,137
R26344,京都府,宇治田原町,1,15,2,37,405,1,21,202
R26364,京都府,笠置町,0,0,1,14,22,0,0,0
R26365,京都府,和束町,0,0,1,16,107,1,15,55
R26366,京都府,精華町,3,770,5,128,2016,3,76,1013
R26367,京都府,南山城村,0,0,1,13,59,1,15,44
R26407,京都府,京丹波町,0,0,5,67,441,3,46,238
R26463,京都府,伊根町,0,0,2,20,73,1,12,34
R26465,京都府,与謝野町,1,7,6,103,871,3,67,564
R27100,大阪府,大阪市,169,18796,291,8345,116483,153,4977,61254
R27140,大阪府,堺市,42,6118,94,2788,40884,47,1628,21507
R27202,大阪府,岸和田市,24,1127,24,690,9334,11,405,4759
R27203,大阪府,豊中市,25,4199,39,1419,21629,19,755,10357
R27204,大阪府,池田市,7,923,10,348,5331,5,192,2759
R27205,大阪府,吹田市,29,5042,36,1353,21490,20,740,10457
R27206,大阪府,泉大津市,3,142,8,245,3397,3,127,1787
R27207,大阪府,高槻市,21,2219,42,1228,17181,21,740,9673
R27208,大阪府,貝塚市,6,266,11,310,4219,5,187,2261
R27209,大阪府,守口市,5,634,13,389,5379,8,255,2854
R27210,大阪府,枚方市,19,3223,45,1435,19948,21,772,10370
R27211,大阪府,茨木市,25,3331,32,1028,15789,16,573,8271
R27212,大阪府,八尾市,7,1660,27,861,12171,15,478,6107
R27213,大阪府,泉佐野市,2,401,13,390,4585,5,192,2151
R27214,大阪府,富田林市,18,1000,17,413,4842,11,279,2958
R27215,大阪府,寝屋川市,8,877,25,754,10570,14,449,6098
R27216,大阪府,河内長野市,9,736,13,323,4141,8,216,2542
R27217,大阪府,松原市,7,1335,15,394,5010,7,218,2522
R27218,大阪府,大東市,5,1039,13,414,5663,10,323,3884
R27219,大阪府,和泉市,9,1430,20,648,9198,9,382,5046
R27220,大阪府,箕面市,9,976,15,603,9153,10,353,4327
R27221,大阪府,柏原市,3,609,10,237,3013,7,163,1473
R27222,大阪府,羽曳野市,9,532,13,363,4569,5,183,2355
R27223,大阪府,門真市,6,938,14,355,4329,6,208,2296
R27224,大阪府,摂津市,3,530,10,307,4176,6,181,2073
R27225,大阪府,高石市,1,81,7,206,2863,5,166,2429
R27226,大阪府,藤井寺市,4,187,8,254,3247,4,125,1619
R27227,大阪府,東大阪市,17,1688,49,1411,19054,25,863,10553
R27228,大阪府,泉南市,4,553,10,262,2891,4,131,1554
R27229,大阪府,四條畷市,3,266,6,183,2593,3,109,1329
R27230,大阪府,交野市,5,744,9,273,3970,5,168,2552
R27231,大阪府,大阪狭山市,3,169,7,209,3227,3,109,1525
R27232,大阪府,阪南市,4,241,8,186,2212,4,113,1262
R27301,大阪府,島本町,2,283,4,136,1931,3,85,944
R27321,大阪府,豊能町,1,73,4,69,502,2,40,296
R27322,大阪府,能勢町,0,0,0,0,0,0,0,0
R27341,大阪府,忠岡町,0,0,2,61,763,1,34,401
R27361,大阪府,熊取町,1,172,5,150,2318,4,96,1246
R27362,大阪府,田尻町,0,0,1,31,442,1,27,242
R27366,大阪府,岬町,3,85,4,61,488,1,28,233
R27381,大阪府,太子町,2,163,2,45,618,1,29,304
R27382,大阪府,河南町,0,0,2,46,670,1,36,406
R27383,大阪府,千早赤阪村,0,0,2,33,157,1,20,97
R28100,兵庫県,神戸市,101,9106,167,4530,71318,103,2680,38991
R28201,兵庫県,姫路市,40,1959,66,1704,26461,38,992,13964
R28202,兵庫県,尼崎市,27,4119,42,1229,20172,20,633,9659
R28203,兵庫県,明石市,30,2881,29,1023,17553,13,529,7634
R28204,兵庫県,西宮市,59,5913,42,1456,26047,26,859,13404
R28205,兵庫県,洲本市,2,180,13,196,1742,6,108,1016
R28206,兵庫県,芦屋市,9,490,8,260,4416,5,164,2290
R28207,兵庫県,伊丹市,14,1858,17,655,10984,8,337,5233
R28208,兵庫県,相生市,7,331,7,123,1295,3,57,658
R28209,兵庫県,豊岡市,6,68,23,372,3757,10,214,2253
R28210,兵庫県,加古川市,18,1120,28,836,13241,12,459,6908
R28212,兵庫県,赤穂市,11,682,10,187,2081,5,113,1115
R28213,兵庫県,西脇市,0,0,8,153,1795,4,93,988
R28214,兵庫県,宝塚市,23,2556,26,845,13362,14,443,6022
R28215,兵庫県,三木市,4,40,13,277,3394,6,144,1686
R28216,兵庫県,高砂市,1,27,10,285,4444,7,213,2961
R28217,兵庫県,川西市,9,832,16,489,7390,7,267,3781
R28218,兵庫県,小野市,2,51,8,185,2423,4,111,1379
R28219,兵庫県,三田市,19,1514,20,426,5972,9,252,3521
R28220,兵庫県,加西市,0,0,11,183,1932,4,82,900
R28221,兵庫県,丹波篠山市,11,232,14,219,1917,5,112,1007
R28222,兵庫県,養父市,0,0,8,104,833,3,59,464
R28223,兵庫県,丹波市,0,0,21,344,3006,6,160,1582
R28224,兵庫県,南あわじ市,4,47,15,221,2238,5,115,1160
R28225,兵庫県,朝来市,0,0,9,151,1409,5,78,682
R28226,兵庫県,淡路市,0,0,11,187,2000,5,106,962
R28227,兵庫県,宍粟市,4,32,11,179,1584,7,121,926
R28228,兵庫県,加東市,1,68,8,173,1908,3,83,1042
R28229,兵庫県,たつの市,0,0,17,337,3819,6,170,1998
R28301,兵庫県,猪名川町,2,62,6,120,1509,2,66,893
R28365,兵庫県,多可町,0,0,5,84,816,3,59,446
R28381,兵庫県,稲美町,5,250,5,117,1666,2,57,814
R28382,兵庫県,播磨町,2,242,4,134,2143,2,67,975
R28442,兵庫県,市川町,0,0,4,60,455,1,27,260
R28443,兵庫県,福崎町,0,0,4,85,1011,2,54,549
R28446,兵庫県,神河町,3,102,3,49,429,1,26,267
R28464,兵庫県,太子町,4,198,4,130,1941,2,80,1069
R28481,兵庫県,上郡町,0,0,3,50,537,2,44,513
R28501,兵庫県,佐用町,1,17,4,63,576,4,59,294
R28585,兵庫県,香美町,9,79,11,113,645,3,50,374
R28586,兵庫県,新温泉町,0,0,6,73,517,2,39,318
R29201,奈良県,奈良市,26,2156,48,1295,17458,30,764,9897
R29202,奈良県,大和高田市,8,361,8,209,2323,3,87,1196
R29203,奈良県,大和郡山市,8,312,11,281,3670,6,182,2390
R29204,奈良県,天理市,8,418,10,255,3121,5,135,1635
R29205,奈良県,橿原市,19,860,16,401,5746,6,208,2778
R29206,奈良県,桜井市,8,442,11,226,2561,4,108,1263
R29207,奈良県,五條市,0,0,4,92,1010,4,96,740
R29208,奈良県,御所市,4,84,7,108,716,5,79,633
R29209,奈良県,生駒市,12,1074,12,403,6550,8,224,3051
R29210,奈良県,香芝市,7,396,11,340,4861,5,190,2638
R29211,奈良県,葛城市,5,388,5,168,2348,2,86,1128
R29212,奈良県,宇陀市,2,73,6,108,1029,4,69,563
R29322,奈良県,山添村,0,0,1,15,95,1,12,66
R29342,奈良県,平群町,1,156,3,68,754,1,28,343
R29343,奈良県,三郷町,3,346,2,78,1069,1,46,561
R29344,奈良県,斑鳩町,4,380,3,107,1567,2,59,769
R29345,奈良県,安堵町,0,0,1,24,236,1,16,123
R29361,奈良県,川西町,1,45,1,27,388,1,30,319
R29362,奈良県,三宅町,0,0,1,25,240,0,0,0
R29363,奈良県,田原本町,4,327,5,107,1444,2,60,743
R29385,奈良県,曽爾村,0,0,0,0,0,0,0,0
R29386,奈良県,御杖村,0,0,1,11,23,1,12,10
R29401,奈良県,高取町,1,27,1,24,252,1,16,150
R29402,奈良県,明日香村,1,49,1,22,248,1,16,100
R29424,奈良県,上牧町,2,212,3,77,846,2,45,454
R29425,奈良県,王寺町,2,188,0,0,0,0,0,0
R29426,奈良県,広陵町,3,92,5,146,2170,2,63,908
R29427,奈良県,河合町,0,0,2,55,635,3,79,1044
R29441,奈良県,吉野町,1,11,1,16,137,1,13,98
R29442,奈良県,大淀町,0,0,3,59,610,1,33,363
R29443,奈良県,下市町,0,0,0,0,0,0,0,0
R29444,奈良県,黒滝村,1,3,1,8,11,1,11,10
R29446,奈良県,天川村,1,21,0,0,0,0,0,0
R29447,奈良県,野迫川村,0,0,0,0,0,0,0,0
R29449,奈良県,十津川村,0,0,2,26,99,1,11,52
R29450,奈良県,下北山村,0,0,0,0,0,0,0,0
R29451,奈良県,上北山村,0,0,0,0,0,0,0,0
R29452,奈良県,川上村,0,0,1,9,35,1,11,13
R29453,奈良県,東吉野村,1,15,1,10,29,1,13,16
R30201,和歌山県,和歌山市,22,2064,53,1211,16881,25,700,9762
R30202,和歌山県,海南市,8,187,12,203,1931,7,112,943
R30203,和歌山県,橋本市,2,26,15,280,2828,8,155,1470
R30204,和歌山県,有田市,2,117,7,120,1088,3,66,585
R30205,和歌山県,御坊市,5,132,6,112,962,5,73,515
R30206,和歌山県,田辺市,8,326,25,341,3100,15,225,1882
R30207,和歌山県,新宮市,1,38,5,100,1148,6,85,684
R30208,和歌山県,紀の川市,2,147,17,276,2715,7,129,1351
R30209,和歌山県,岩出市,2,407,6,200,2887,2,103,1356
R30304,和歌山県,紀美野町,0,0,3,37,255,2,25,132
R30341,和歌山県,かつらぎ町,2,17,5,73,713,2,42,316
R30343,和歌山県,九度山町,2,8,3,21,111,2,24,105
R30344,和歌山県,高野町,0,0,3,23,93,2,11,42
R30361,和歌山県,湯浅町,1,61,5,68,480,1,29,275
R30362,和歌山県,広川町,1,15,5,42,298,2,27,190
R30366,和歌山県,有田川町,0,0,12,131,1369,4,72,636
R30381,和歌山県,美浜町,0,0,2,26,271,1,15,129
R30382,和歌山県,日高町,0,0,2,39,494,1,22,229
R30383,和歌山県,由良町,0,0,1,20,165,1,13,101
R30390,和歌山県,印南町,0,0,4,52,337,4,47,187
R30391,和歌山県,みなべ町,1,0,5,64,545,3,43,310
R30392,和歌山県,日高川町,0,0,9,87,432,5,54,290
R30401,和歌山県,白浜町,2,30,9,117,777,4,51,408
R30404,和歌山県,上富田町,1,85,5,91,917,1,31,415
R30406,和歌山県,すさみ町,0,0,1,14,118,1,14,68
R30421,和歌山県,那智勝浦町,0,0,6,76,540,4,52,287
R30422,和歌山県,太地町,0,0,1,15,105,1,11,25
R30424,和歌山県,古座川町,0,0,3,26,76,2,17,79
R30427,和歌山県,北山村,0,0,1,10,26,1,6,8
R30428,和歌山県,串本町,1,35,9,96,502,4,46,222
R31201,鳥取県,鳥取市,9,475,40,779,9178,16,420,4716
R31202,鳥取県,米子市,8,972,23,566,7804,13,353,4038
R31203,鳥取県,倉吉市,0,0,12,227,2268,5,122,1129
R31204,鳥取県,境港市,1,67,6,129,1610,3,70,812
R31302,鳥取県,岩美町,0,0,3,51,463,1,24,236
R31325,鳥取県,若桜町,0,0,1,13,70,1,13,36
R31328,鳥取県,智頭町,0,0,1,24,258,1,19,116
R31329,鳥取県,八頭町,0,0,4,74,739,1,33,385
R31364,鳥取県,三朝町,0,0,1,25,282,1,22,157
R31370,鳥取県,湯梨浜町,0,0,3,82,909,2,48,524
R31371,鳥取県,琴浦町,0,0,5,88,789,2,48,436
R31372,鳥取県,北栄町,0,0,2,56,781,2,47,395
R31384,鳥取県,日吉津村,0,0,1,24,237,0,0,0
R31386,鳥取県,大山町,0,0,4,71,737,3,47,330
R31389,鳥取県,南部町,0,0,3,47,484,2,32,253
R31390,鳥取県,伯耆町,0,0,4,64,504,2,34,286
R31401,鳥取県,日南町,0,0,1,13,119,1,16,55
R31402,鳥取県,日野町,0,0,0,0,0,0,0,0
R31403,鳥取県,江府町,0,0,0,0,0,0,0,0
R32201,島根県,松江市,31,912,32,689,9718,17,425,4881
R32202,島根県,浜田市,3,59,16,237,2341,9,157,1227
R32203,島根県,出雲市,25,810,34,686,9705,16,414,4842
R32204,島根県,益田市,5,62,15,225,2147,9,155,1165
R32205,島根県,大田市,1,20,15,174,1483,6,93,784
R32206,島根県,安来市,4,32,17,203,1689,5,102,945
R32207,島根県,江津市,0,0,7,110,966,4,64,456
R32209,島根県,雲南市,7,107,15,186,1649,7,120,876
R32343,島根県,奥出雲町,0,0,10,102,478,2,36,257
R32386,島根県,飯南町,0,0,4,42,173,2,26,104
R32441,島根県,川本町,0,0,1,15,131,1,11,58
R32448,島根県,美郷町,0,0,2,29,178,2,23,114
R32449,島根県,邑南町,0,0,8,80,442,3,35,247
R32501,島根県,津和野町,0,0,4,45,243,2,27,129
R32505,島根県,吉賀町,0,0,5,46,214,3,35,107
R32525,島根県,海士町,0,0,2,23,121,1,12,48
R32526,島根県,西ノ島町,0,0,1,13,107,1,13,46
R32527,島根県,知夫村,0,0,1,7,22,1,8,12
R32528,島根県,隠岐の島町,0,0,7,87,642,4,52,311
R33100,岡山県,岡山市,58,3521,91,2484,36879,44,1421,18982
R33202,岡山県,倉敷市,53,4010,62,1687,25835,28,937,13347
R33203,岡山県,津山市,4,312,27,454,4944,9,225,2688
R33204,岡山県,玉野市,6,130,14,232,2279,7,118,1152
R33205,岡山県,笠岡市,9,35,16,199,1856,11,128,1082
R33207,岡山県,井原市,13,180,13,181,1511,5,95,858
R33208,岡山県,総社市,16,731,15,316,4005,4,146,1949
R33209,岡山県,高梁市,10,83,14,156,1017,6,83,539
R33210,岡山県,新見市,0,0,15,154,1037,5,71,574
R33211,岡山県,備前市,0,0,10,148,1187,5,74,603
R33212,岡山県,瀬戸内市,6,175,9,164,1745,3,79,892
R33213,岡山県,赤磐市,6,251,12,225,2469,6,137,1584
R33214,岡山県,真庭市,1,2,21,233,1986,6,106,1063
R33215,岡山県,美作市,2,14,8,127,1091,5,70,538
R33216,岡山県,浅口市,3,94,8,132,1409,4,100,1134
R33346,岡山県,和気町,3,52,3,53,527,2,36,262
R33423,岡山県,早島町,1,130,1,50,865,1,31,378
R33445,岡山県,里庄町,2,73,2,49,664,1,26,308
R33461,岡山県,矢掛町,0,0,7,89,586,1,25,239
R33586,岡山県,新庄村,0,0,1,8,33,1,9,18
R33606,岡山県,鏡野町,1,7,5,68,622,1,26,321
R33622,岡山県,勝央町,0,0,2,42,628,1,28,312
R33623,岡山県,奈義町,2,101,1,24,296,1,15,134
R33643,岡山県,西粟倉村,1,25,1,11,70,1,14,42
R33663,岡山県,久米南町,0,0,3,40,139,1,16,94
R33666,岡山県,美咲町,0,0,4,57,494,2,29,251
R33681,岡山県,吉備中央町,2,8,10,113,440,2,44,219
R34100,広島県,広島市,84,8172,147,4041,63974,79,2238,34057
R34202,広島県,呉市,15,1015,36,656,8846,27,429,4832
R34203,広島県,竹原市,0,0,7,83,612,2,37,346
R34204,広島県,三原市,20,606,22,358,4374,13,225,2548
R34205,広島県,尾道市,13,517,24,469,5714,17,291,3043
R34207,広島県,福山市,41,2421,73,1671,24217,36,844,12758
R34208,広島県,府中市,1,65,6,96,842,2,38,456
R34209,広島県,三次市,2,205,21,266,2392,13,184,1322
R34210,広島県,庄原市,1,39,18,176,1390,7,104,691
R34211,広島県,大竹市,1,122,4,77,1184,3,52,576
R34212,広島県,東広島市,8,928,33,741,11188,18,421,5990
R34213,広島県,廿日市市,7,1010,17,423,6385,11,210,2986
R34214,広島県,安芸高田市,2,45,8,124,1135,6,91,600
R34215,広島県,江田島市,0,0,6,83,670,4,60,334
R34302,広島県,府中町,5,762,5,173,3214,2,78,1193
R34304,広島県,海田町,3,454,4,122,1844,3,69,867
R34307,広島県,熊野町,3,222,4,98,1188,2,51,628
R34309,広島県,坂町,0,0,3,61,691,2,27,361
R34368,広島県,安芸太田町,0,0,4,36,208,2,27,97
R34369,広島県,北広島町,0,0,8,112,711,5,75,501
R34431,広島県,大崎上島町,1,22,3,31,185,2,34,211
R34462,広島県,世羅町,0,0,4,70,649,3,42,352
R34545,広島県,神石高原町,1,27,6,73,335,2,30,160
R35201,山口県,下関市,19,1430,42,840,11189,24,483,5799
R35202,山口県,宇部市,21,1839,24,538,7674,14,310,4029
R35203,山口県,山口市,20,1735,34,723,9905,20,438,5378
R35204,山口県,萩市,0,0,21,182,1527,15,154,920
R35206,山口県,防府市,15,1545,17,418,5982,12,253,3252
R35207,山口県,下松市,8,751,8,195,3047,3,105,1566
R35208,山口県,岩国市,25,1483,39,485,5818,21,294,3222
R35210,山口県,光市,7,303,12,207,2342,6,113,1325
R35211,山口県,長門市,3,198,11,143,1197,5,77,709
R35212,山口県,柳井市,3,72,12,141,1249,3,66,732
R35213,山口県,美祢市,2,115,11,120,713,5,71,430
R35215,山口県,周南市,20,1529,34,493,6333,17,292,3438
R35216,山口県,山陽小野田市,7,485,12,213,3029,7,126,1458
R35305,山口県,周防大島町,1,0,8,78,364,2,27,199
R35321,山口県,和木町,0,0,1,22,403,1,21,190
R35341,山口県,上関町,1,0,2,13,50,2,11,33
R35343,山口県,田布施町,2,82,4,60,569,1,29,362
R35344,山口県,平生町,1,16,2,41,440,1,19,227
R35502,山口県,阿武町,0,0,2,18,104,1,12,64
R36201,徳島県,徳島市,18,1278,33,882,12485,19,500,6272
R36202,徳島県,鳴門市,8,534,14,220,2289,6,123,1178
R36203,徳島県,小松島市,1,24,11,157,1348,2,65,771
R36204,徳島県,阿南市,11,406,26,320,3323,11,184,1930
R36205,徳島県,吉野川市,0,0,10,170,1599,5,96,893
R36206,徳島県,阿波市,0,0,11,164,1426,4,94,814
R36207,徳島県,美馬市,3,63,8,113,1100,7,89,593
R36208,徳島県,三好市,11,46,17,138,819,6,67,443
R36301,徳島県,勝浦町,0,0,2,27,181,1,16,89
R36302,徳島県,上勝町,0,0,1,12,41,1,12,26
R36321,徳島県,佐那河内村,0,0,1,11,73,1,12,39
R36341,徳島県,石井町,6,276,6,113,1318,2,52,616
R36342,徳島県,神山町,0,0,2,24,136,1,14,56
R36368,徳島県,那賀町,0,0,6,34,227,4,37,118
R36383,徳島県,牟岐町,0,0,1,17,83,1,12,59
R36387,徳島県,美波町,0,0,5,30,180,4,31,101
R36388,徳島県,海陽町,1,17,3,41,264,2,24,146
R36401,徳島県,松茂町,4,105,3,58,728,1,26,360
R36402,徳島県,北島町,3,227,3,90,1417,1,42,656
R36403,徳島県,藍住町,4,523,4,147,2115,2,68,986
R36404,徳島県,板野町,4,172,4,53,535,1,25,279
R36405,徳島県,上板町,4,126,4,60,516,1,23,253
R36468,徳島県,つるぎ町,5,66,5,33,247,4,29,117
R36489,徳島県,東みよし町,2,43,4,66,635,2,38,321
R37201,香川県,高松市,43,3502,53,1436,22283,29,877,11634
R37202,香川県,丸亀市,7,467,18,402,5926,10,249,3464
R37203,香川県,坂出市,7,398,11,194,2494,6,115,1413
R37204,香川県,善通寺市,9,464,8,142,1487,2,68,707
R37205,香川県,観音寺市,3,278,10,205,2751,5,114,1201
R37206,香川県,さぬき市,7,164,7,142,1792,3,82,1007
R37207,香川県,東かがわ市,0,0,3,75,995,3,61,534
R37208,香川県,三豊市,13,627,19,288,2935,7,163,1669
R37322,香川県,土庄町,0,0,2,40,495,2,36,268
R37324,香川県,小豆島町,6,50,4,61,508,1,32,263
R37341,香川県,三木町,5,335,4,115,1489,1,53,727
R37364,香川県,直島町,0,0,1,14,115,1,14,65
R37386,香川県,宇多津町,3,311,2,62,935,1,32,462
R37387,香川県,綾川町,0,0,5,95,1097,1,41,548
R37403,香川県,琴平町,0,0,3,46,288,1,23,162
R37404,香川県,多度津町,3,127,4,83,1024,1,38,513
R37406,香川県,まんのう町,2,100,6,93,884,1,35,476
R38201,愛媛県,松山市,39,5095,60,1488,26027,32,895,13033
R38202,愛媛県,今治市,9,791,26,493,6709,16,300,3580
R38203,愛媛県,宇和島市,7,211,30,291,2871,6,124,1325
R38204,愛媛県,八幡浜市,4,129,12,143,1203,4,65,673
R38205,愛媛県,新居浜市,7,814,16,367,5691,12,262,3110
R38206,愛媛県,西条市,10,536,25,459,5207,10,240,2697
R38207,愛媛県,大洲市,5,144,12,159,1919,9,103,1020
R38210,愛媛県,伊予市,3,162,9,145,1820,4,82,945
R38213,愛媛県,四国中央市,5,93,19,325,3856,7,166,2143
R38214,愛媛県,西予市,4,69,12,138,1406,5,77,793
R38215,愛媛県,東温市,5,234,7,131,1707,2,69,845
R38356,愛媛県,上島町,0,0,4,35,207,3,24,80
R38386,愛媛県,久万高原町,9,48,9,56,232,2,22,127
R38401,愛媛県,松前町,2,53,3,102,1713,3,68,830
R38402,愛媛県,砥部町,2,61,4,79,1021,1,47,515
R38422,愛媛県,内子町,2,28,7,82,654,4,51,365
R38442,愛媛県,伊方町,0,0,5,43,245,3,31,130
R38484,愛媛県,松野町,0,0,2,22,112,1,11,65
R38488,愛媛県,鬼北町,0,0,6,61,340,2,24,168
R38506,愛媛県,愛南町,1,13,11,99,636,5,56,335
R39201,高知県,高知市,18,1429,41,1060,15235,25,735,8897
R39202,高知県,室戸市,0,0,5,47,319,4,46,179
R39203,高知県,安芸市,0,0,12,89,574,6,62,367
R39204,高知県,南国市,1,53,14,216,2279,6,128,1024
R39205,高知県,土佐市,1,58,10,123,1127,3,59,451
R39206,高知県,須崎市,1,6,8,90,709,6,82,551
R39208,高知県,宿毛市,1,52,8,95,809,6,68,442
R39209,高知県,土佐清水市,1,37,10,49,353,5,23,189
R39210,高知県,四万十市,1,108,26,181,1503,13,105,850
R39211,高知県,香南市,4,220,7,148,1633,4,81,746
R39212,高知県,香美市,2,105,8,113,1117,4,61,462
R39301,高知県,東洋町,0,0,2,12,37,2,20,25
R39302,高知県,奈半利町,0,0,1,13,104,1,11,45
R39303,高知県,田野町,0,0,1,12,108,1,14,35
R39304,高知県,安田町,0,0,1,15,90,1,11,34
R39305,高知県,北川村,0,0,1,11,37,1,10,17
R39306,高知県,馬路村,0,0,2,13,34,2,16,21
R39307,高知県,芸西村,1,48,1,18,179,1,13,77
R39341,高知県,本山町,0,0,2,20,124,1,14,54
R39344,高知県,大豊町,0,0,0,0,0,0,0,0
R39363,高知県,土佐町,0,0,1,15,154,1,13,75
R39364,高知県,大川村,0,0,0,0,0,0,0,0
R39386,高知県,いの町,3,17,17,116,896,6,82,359
R39387,高知県,仁淀川町,0,0,3,28,133,2,23,68
R39401,高知県,中土佐町,0,0,3,28,193,2,22,116
R39402,高知県,佐川町,0,0,4,56,497,3,35,265
R39403,高知県,越知町,1,4,1,14,154,1,12,76
R39405,高知県,檮原町,0,0,1,9,135,1,17,61
R39410,高知県,日高村,0,0,3,32,228,2,27,108
R39411,高知県,津野町,0,0,3,36,212,2,28,128
R39412,高知県,四万十町,0,0,15,111,603,6,48,287
R39424,高知県,大月町,1,0,1,15,121,1,16,78
R39427,高知県,三原村,0,0,1,12,44,1,9,13
R39428,高知県,黒潮町,0,0,9,67,362,2,35,188
R40100,福岡県,北九州市,94,10976,131,3027,45662,72,1750,24483
R40130,福岡県,福岡市,117,16100,150,4825,84377,83,2899,42760
R40202,福岡県,大牟田市,12,931,19,340,4865,10,228,2806
R40203,福岡県,久留米市,20,2210,45,1167,17247,20,619,8883
R40204,福岡県,直方市,7,407,11,235,2990,4,110,1517
R40205,福岡県,飯塚市,9,951,20,451,6812,12,287,3539
R40206,福岡県,田川市,2,106,9,196,2319,3,111,1161
R40207,福岡県,柳川市,4,40,19,273,3113,6,138,1588
R40210,福岡県,八女市,5,388,13,219,2804,9,169,1784
R40211,福岡県,筑後市,1,124,12,216,2932,3,97,1358
R40212,福岡県,大川市,4,197,8,134,1371,2,51,676
R40213,福岡県,行橋市,6,707,11,276,3988,6,149,1801
R40214,福岡県,豊前市,1,49,10,140,1175,4,62,473
R40215,福岡県,中間市,6,389,6,144,1749,4,93,963
R40216,福岡県,小郡市,4,542,9,267,3585,5,139,1670
R40217,福岡県,筑紫野市,8,1210,11,359,6093,5,197,3079
R40218,福岡県,春日市,9,1313,12,444,7219,6,251,3735
R40219,福岡県,大野城市,6,827,10,361,6425,5,201,3127
R40220,福岡県,宗像市,7,1053,14,388,5633,7,212,2945
R40221,福岡県,太宰府市,5,670,8,267,4428,5,165,2447
R40223,福岡県,古賀市,4,1211,8,245,3516,3,134,1736
R40224,福岡県,福津市,6,867,7,281,4931,3,129,2061
R40225,福岡県,うきは市,1,82,7,134,1432,2,60,769
R40226,福岡県,宮若市,2,97,4,99,1297,2,56,674
R40227,福岡県,嘉麻市,6,126,5,76,672,2,44,378
R40228,福岡県,朝倉市,5,285,11,218,2621,6,139,1288
R40229,福岡県,みやま市,3,86,7,132,1622,4,77,809
R40230,福岡県,糸島市,8,789,16,424,6199,7,223,2920
R40231,福岡県,那珂川市,2,206,8,217,3196,4,134,1705
R40341,福岡県,宇美町,3,573,5,142,2198,3,85,1075
R40342,福岡県,篠栗町,2,191,4,125,1801,2,73,979
R40343,福岡県,志免町,4,850,4,179,2928,2,92,1493
R40344,福岡県,須恵町,1,72,3,133,2052,2,75,977
R40345,福岡県,新宮町,4,369,5,170,2819,3,104,1496
R40348,福岡県,久山町,1,127,2,47,692,1,25,299
R40349,福岡県,粕屋町,4,184,4,209,3262,2,119,1650
R40381,福岡県,芦屋町,2,188,3,56,666,1,25,345
R40382,福岡県,水巻町,1,94,5,98,1467,2,53,641
R40383,福岡県,岡垣町,2,402,5,108,1724,2,61,855
R40384,福岡県,遠賀町,1,174,3,71,1018,2,45,528
R40401,福岡県,小竹町,0,0,3,40,256,1,20,133
R40402,福岡県,鞍手町,1,91,6,89,693,1,30,387
R40421,福岡県,桂川町,1,28,2,54,651,1,29,337
R40447,福岡県,筑前町,4,317,4,117,1778,2,64,835
R40448,福岡県,東峰村,0,0,1,16,68,1,11,42
R40503,福岡県,大刀洗町,0,0,4,96,938,1,37,430
R40522,福岡県,大木町,1,94,3,57,861,1,27,455
R40544,福岡県,広川町,1,201,3,73,1134,1,40,537
R40601,福岡県,香春町,0,0,0,0,0,0,0,0
R40602,福岡県,添田町,1,5,5,53,339,1,23,214
R40604,福岡県,糸田町,0,0,1,38,471,1,25,250
R40605,福岡県,川崎町,1,12,4,67,695,1,28,342
R40608,福岡県,大任町,0,0,2,32,302,1,19,129
R40609,福岡県,赤村,0,0,2,16,152,1,17,83
R40610,福岡県,福智町,1,82,4,77,707,2,43,402
R40621,福岡県,苅田町,4,594,6,149,2183,2,69,1017
R40625,福岡県,みやこ町,1,13,7,91,750,5,80,733
R40642,福岡県,吉富町,1,4,1,26,346,1,28,326
R40646,福岡県,上毛町,0,0,4,57,461,1,21,204
R40647,福岡県,築上町,1,25,8,95,736,2,42,378
R41201,佐賀県,佐賀市,26,1498,36,946,12813,24,619,7071
R41202,佐賀県,唐津市,1,123,36,599,6395,21,395,3813
R41203,佐賀県,鳥栖市,5,625,8,321,4440,5,186,2431
R41204,佐賀県,多久市,0,0,0,0,0,0,0,0
R41205,佐賀県,伊万里市,1,67,13,259,2869,6,134,1433
R41206,佐賀県,武雄市,2,86,14,240,2603,6,139,1581
R41207,佐賀県,鹿島市,1,32,8,136,1527,2,63,722
R41208,佐賀県,小城市,1,26,8,209,2458,4,108,1246
R41209,佐賀県,嬉野市,1,20,9,129,1289,4,76,649
R41210,佐賀県,神埼市,0,0,7,132,1540,3,66,826
R41327,佐賀県,吉野ヶ里町,2,107,2,70,951,2,43,470
R41341,佐賀県,基山町,1,109,2,68,982,2,50,497
R41345,佐賀県,上峰町,0,0,1,39,597,1,25,293
R41346,佐賀県,みやき町,4,216,4,106,1389,3,65,609
R41387,佐賀県,玄海町,0,0,0,0,0,0,0,0
R41401,佐賀県,有田町,0,0,4,85,1044,2,50,503
R41423,佐賀県,大町町,0,0,0,0,0,0,0,0
R41424,佐賀県,江北町,1,17,1,43,565,1,25,251
R41425,佐賀県,白石町,0,0,8,123,1049,3,67,557
R41441,佐賀県,太良町,0,0,2,31,323,2,24,184
R42201,長崎県,長崎市,29,1748,73,1438,18952,49,878,9828
R42202,長崎県,佐世保市,27,2365,45,897,12611,27,554,6697
R42203,長崎県,島原市,2,0,10,179,2273,5,95,1092
R42204,長崎県,諫早市,10,880,28,515,7383,17,326,4151
R42205,長崎県,大村市,3,526,15,394,6361,6,227,3015
R42207,長崎県,平戸市,1,42,15,172,1369,8,105,728
R42208,長崎県,松浦市,0,0,9,123,1065,7,96,596
R42209,長崎県,対馬市,3,37,16,194,1269,11,136,684
R42210,長崎県,壱岐市,8,160,18,206,1298,4,74,697
R42211,長崎県,五島市,3,177,15,159,1414,12,138,763
R42212,長崎県,西海市,3,103,11,123,1160,6,73,615
R42213,長崎県,雲仙市,0,0,17,229,2070,7,107,1017
R42214,長崎県,南島原市,1,56,15,188,1905,8,115,984
R42307,長崎県,長与町,1,195,5,145,2352,3,74,1077
R42308,長崎県,時津町,3,263,4,112,1684,3,99,1433
R42321,長崎県,東彼杵町,0,0,3,41,381,2,23,195
R42322,長崎県,川棚町,0,0,3,56,659,1,23,327
R42323,長崎県,波佐見町,0,0,3,56,778,1,27,385
R42383,長崎県,小値賀町,0,0,2,17,81,1,14,43
R42391,長崎県,佐々町,0,0,2,53,953,1,26,456
R42411,長崎県,新上五島町,2,61,9,98,597,5,63,336
R43100,熊本県,熊本市,37,4291,93,2583,40859,52,1519,21328
R43202,熊本県,八代市,8,203,24,455,6098,16,314,3142
R43203,熊本県,人吉市,3,79,6,132,1527,3,77,836
R43204,熊本県,荒尾市,8,362,10,194,2587,3,93,1234
R43205,熊本県,水俣市,2,38,8,98,1032,5,68,548
R43206,熊本県,玉名市,4,337,15,255,3281,7,153,1782
R43208,熊本県,山鹿市,2,59,8,199,2477,5,119,1213
R43210,熊本県,菊池市,3,170,10,206,2467,5,114,1270
R43211,熊本県,宇土市,2,114,7,158,1988,4,98,1204
R43212,熊本県,上天草市,0,0,11,136,1009,5,75,563
R43213,熊本県,宇城市,1,74,12,247,2982,5,135,1520
R43214,熊本県,阿蘇市,2,94,5,104,1190,3,62,561
R43215,熊本県,天草市,6,96,17,294,3278,13,215,1877
R43216,熊本県,合志市,2,304,8,302,5097,4,162,2335
R43348,熊本県,美里町,1,26,3,32,286,2,30,186
R43364,熊本県,玉東町,0,0,2,26,313,1,18,142
R43367,熊本県,南関町,1,57,4,52,388,1,19,175
R43368,熊本県,長洲町,0,0,4,59,775,2,37,344
R43369,熊本県,和水町,0,0,2,34,425,2,30,198
R43403,熊本県,大津町,2,115,7,175,2507,2,91,1257
R43404,熊本県,菊陽町,1,271,6,209,3026,2,99,1507
R43423,熊本県,南小国町,0,0,3,29,175,1,14,90
R43424,熊本県,小国町,1,32,1,23,257,1,16,131
R43425,熊本県,産山村,0,0,0,0,0,0,0,0
R43428,熊本県,高森町,1,45,1,19,233,1,21,141
R43432,熊本県,西原村,0,0,2,41,394,1,19,213
R43433,熊本県,南阿蘇村,0,0,3,54,433,1,23,246
R43441,熊本県,御船町,1,73,6,91,1001,1,37,470
R43442,熊本県,嘉島町,0,0,2,53,811,1,28,309
R43443,熊本県,益城町,2,127,5,159,2249,2,80,1129
R43444,熊本県,甲佐町,0,0,4,61,535,1,23,290
R43447,熊本県,山都町,1,0,6,63,481,3,45,300
R43468,熊本県,氷川町,3,61,3,47,485,2,37,283
R43482,熊本県,芦北町,0,0,5,62,624,3,51,379
R43484,熊本県,津奈木町,0,0,1,16,181,1,17,97
R43501,熊本県,錦町,0,0,3,62,623,1,30,320
R43505,熊本県,多良木町,1,0,6,52,413,1,19,245
R43506,熊本県,湯前町,0,0,1,15,167,1,13,86
R43507,熊本県,水上村,0,0,0,0,0,0,0,0
R43510,熊本県,相良村,0,0,2,20,184,1,14,93
R43511,熊本県,五木村,0,0,1,8,24,1,11,15
R43512,熊本県,山江村,0,0,2,24,209,1,16,125
R43513,熊本県,球磨村,0,0,2,24,97,1,18,70
R43514,熊本県,あさぎり町,2,29,5,78,786,1,32,462
R43531,熊本県,苓北町,0,0,4,40,304,1,16,161
R44201,大分県,大分市,36,3394,55,1497,25315,33,960,13519
R44202,大分県,別府市,20,841,15,332,4955,8,189,2669
R44203,大分県,中津市,13,448,21,339,4555,10,201,2308
R44204,大分県,日田市,7,274,18,269,3022,12,190,1743
R44205,大分県,佐伯市,12,243,22,276,2845,15,186,1497
R44206,大分県,臼杵市,3,122,13,176,1495,5,87,889
R44207,大分県,津久見市,4,87,9,59,554,6,36,304
R44208,大分県,竹田市,3,82,11,113,702,4,59,415
R44209,大分県,豊後高田市,3,124,11,128,1022,6,80,504
R44210,大分県,杵築市,7,82,10,118,1174,3,62,697
R44211,大分県,宇佐市,4,268,27,299,2524,7,120,1371
R44212,大分県,豊後大野市,6,23,11,159,1341,7,101,734
R44213,大分県,由布市,8,130,10,177,1778,3,67,858
R44214,大分県,国東市,7,17,7,92,784,3,51,439
R44322,大分県,姫島村,1,8,1,11,57,1,13,32
R44341,大分県,日出町,5,114,5,104,1518,2,53,758
R44461,大分県,九重町,0,0,6,65,378,1,20,207
R44462,大分県,玖珠町,2,49,8,78,606,1,29,360
R45201,宮崎県,宮崎市,30,1774,48,1394,22546,33,908,12187
R45202,宮崎県,都城市,14,977,38,652,9125,20,406,4725
R45203,宮崎県,延岡市,7,447,27,480,5934,17,324,3285
R45204,宮崎県,日南市,2,44,15,216,2344,10,141,1288
R45205,宮崎県,小林市,7,176,12,195,2209,9,134,1099
R45206,宮崎県,日向市,7,413,15,251,3168,8,156,1642
R45207,宮崎県,串間市,0,0,11,102,873,1,28,382
R45208,宮崎県,西都市,2,128,8,126,1361,6,94,763
R45209,宮崎県,えびの市,1,19,5,78,791,4,59,425
R45341,宮崎県,三股町,2,167,6,139,1938,1,60,940
R45361,宮崎県,高原町,1,38,4,51,415,2,28,207
R45382,宮崎県,国富町,1,0,4,78,869,3,51,435
R45383,宮崎県,綾町,1,55,1,29,390,1,20,210
R45401,宮崎県,高鍋町,3,93,2,66,1018,2,50,580
R45402,宮崎県,新富町,1,58,3,67,928,3,51,487
R45403,宮崎県,西米良村,0,0,1,12,55,1,10,33
R45404,宮崎県,木城町,0,0,0,0,0,0,0,0
R45405,宮崎県,川南町,2,38,5,80,772,2,37,418
R45406,宮崎県,都農町,1,60,4,58,530,1,23,228
R45421,宮崎県,門川町,1,0,3,63,939,1,36,487
R45429,宮崎県,諸塚村,1,30,2,17,62,1,11,30
R45430,宮崎県,椎葉村,0,0,5,36,114,1,12,52
R45431,宮崎県,美郷町,3,33,1,13,62,1,11,32
R45441,宮崎県,高千穂町,1,25,5,60,506,2,32,263
R45442,宮崎県,日之影町,0,0,3,26,120,1,10,78
R45443,宮崎県,五ヶ瀬町,0,0,4,33,127,1,12,65
R46201,鹿児島県,鹿児島市,37,3849,82,2123,33373,45,1369,18117
R46203,鹿児島県,鹿屋市,5,485,23,445,6292,12,270,3092
R46204,鹿児島県,枕崎市,2,71,4,70,812,4,60,463
R46206,鹿児島県,阿久根市,0,0,9,102,822,3,50,417
R46208,鹿児島県,出水市,8,168,14,242,2877,7,132,1381
R46210,鹿児島県,指宿市,4,98,9,158,1836,5,92,965
R46213,鹿児島県,西之表市,2,68,11,112,740,1,31,359
R46214,鹿児島県,垂水市,2,23,8,73,522,1,24,252
R46215,鹿児島県,薩摩川内市,10,221,26,429,4876,14,235,2482
R46216,鹿児島県,日置市,4,196,14,210,2298,6,124,1335
R46217,鹿児島県,曽於市,1,32,18,186,1490,3,68,775
R46218,鹿児島県,霧島市,8,607,35,599,7278,14,340,3790
R46219,鹿児島県,いちき串木野市,2,49,9,121,1295,6,101,887
R46220,鹿児島県,南さつま市,1,94,9,129,1160,3,56,561
R46221,鹿児島県,志布志市,0,0,16,207,1658,5,91,832
R46222,鹿児島県,奄美市,9,460,21,243,2256,12,160,1199
R46223,鹿児島県,南九州市,2,5,16,188,1472,3,68,783
R46224,鹿児島県,伊佐市,1,9,14,174,1053,3,67,562
R46225,鹿児島県,姶良市,6,402,17,355,4853,5,178,2382
R46303,鹿児島県,三島村,0,0,0,0,0,0,0,0
R46304,鹿児島県,十島村,0,0,7,33,63,7,39,50
R46392,鹿児島県,さつま町,1,33,8,111,839,1,47,499
R46404,鹿児島県,長島町,2,26,7,79,555,5,52,274
R46452,鹿児島県,湧水町,1,7,5,63,346,2,28,186
R46468,鹿児島県,大崎町,0,0,6,79,589,1,28,288
R46482,鹿児島県,東串良町,1,3,2,32,372,1,21,207
R46490,鹿児島県,錦江町,1,8,6,52,253,2,24,160
R46491,鹿児島県,南大隅町,0,0,2,25,219,2,26,142
R46492,鹿児島県,肝付町,2,0,5,69,646,5,70,489
R46501,鹿児島県,中種子町,1,89,7,64,375,1,20,165
R46502,鹿児島県,南種子町,0,0,8,64,338,1,19,141
R46505,鹿児島県,屋久島町,1,6,9,101,662,4,48,323
R46523,鹿児島県,大和村,0,0,5,22,57,1,11,24
R46524,鹿児島県,宇検村,0,0,4,30,94,4,22,35
R46525,鹿児島県,瀬戸内町,2,146,12,64,394,10,52,209
R46527,鹿児島県,龍郷町,0,0,7,71,409,3,28,169
R46529,鹿児島県,喜界町,2,82,2,33,313,1,17,166
R46530,鹿児島県,徳之島町,5,124,8,85,643,6,54,292
R46531,鹿児島県,天城町,2,21,6,52,313,3,32,148
R46532,鹿児島県,伊仙町,8,20,8,74,431,3,33,221
R46533,鹿児島県,和泊町,1,23,4,50,384,2,27,188
R46534,鹿児島県,知名町,0,0,5,53,373,2,25,146
R46535,鹿児島県,与論町,0,0,3,40,323,1,20,167
R47201,沖縄県,那覇市,6,508,36,1090,18361,20,692,10043
R47205,沖縄県,宜野湾市,12,715,10,415,7037,5,216,3250
R47207,沖縄県,石垣市,12,130,21,300,3360,9,168,1700
R47208,沖縄県,浦添市,1,85,11,467,7554,6,282,4384
R47209,沖縄県,名護市,14,327,14,341,4392,10,233,2221
R47210,沖縄県,糸満市,2,191,11,298,4538,7,182,2098
R47211,沖縄県,沖縄市,19,1019,16,584,9405,9,328,4904
R47212,沖縄県,豊見城市,1,69,8,297,5251,3,168,2412
R47213,沖縄県,うるま市,4,140,19,553,8912,12,327,4363
R47214,沖縄県,宮古島市,15,310,16,298,3480,11,203,1635
R47215,沖縄県,南城市,1,9,9,222,3432,5,134,1613
R47301,沖縄県,国頭村,0,0,5,44,220,1,19,129
R47302,沖縄県,大宜味村,0,0,1,13,138,1,12,78
R47303,沖縄県,東村,2,22,3,24,95,1,10,31
R47306,沖縄県,今帰仁村,0,0,3,53,583,1,27,291
R47308,沖縄県,本部町,4,107,5,72,819,4,50,398
R47311,沖縄県,恩納村,5,72,5,65,653,1,23,322
R47313,沖縄県,宜野座村,3,69,3,48,510,1,19,249
R47314,沖縄県,金武町,1,8,3,66,817,1,36,385
R47315,沖縄県,伊江村,2,101,2,25,248,1,13,116
R47324,沖縄県,読谷村,7,485,5,171,3015,2,99,1489
R47325,沖縄県,嘉手納町,3,312,2,56,940,1,34,423
R47326,沖縄県,北谷町,4,216,4,124,2102,2,72,1034
R47327,沖縄県,北中城村,1,67,3,83,1338,1,40,527
R47328,沖縄県,中城村,1,149,3,95,1477,1,36,543
R47329,沖縄県,西原町,4,251,5,169,2923,3,103,1535
R47348,沖縄県,与那原町,3,208,2,91,1446,1,54,682
R47350,沖縄県,南風原町,5,638,4,187,3365,3,113,1723
R47353,沖縄県,渡嘉敷村,1,20,2,15,51,1,9,31
R47354,沖縄県,座間味村,3,29,3,22,57,3,22,29
R47355,沖縄県,粟国村,1,18,1,7,27,1,10,15
R47356,沖縄県,渡名喜村,1,5,1,7,12,1,6,4
R47357,沖縄県,南大東村,1,27,1,11,83,1,10,38
R47358,沖縄県,北大東村,1,15,1,10,37,1,10,14
R47359,沖縄県,伊平屋村,1,8,2,12,68,2,16,35
R47360,沖縄県,伊是名村,1,23,1,14,99,1,12,41
R47361,沖縄県,久米島町,2,70,6,70,399,2,31,231
R47362,沖縄県,八重瀬町,0,0,4,156,2767,2,81,1223
R47375,沖縄県,多良間村,1,11,1,13,65,1,12,40
R47381,沖縄県,竹富町,3,43,11,83,289,9,67,151
R47382,沖縄県,与那国町,3,41,3,24,107,2,19,54
